--
-- PostgreSQL database dump
--

-- Dumped from database version 14.1
-- Dumped by pg_dump version 14.1

-- Started on 2023-06-17 18:17:54

SET statement_timeout = 0;
SET lock_timeout = 0;
SET idle_in_transaction_session_timeout = 0;
SET client_encoding = 'UTF8';
SET standard_conforming_strings = on;
SELECT pg_catalog.set_config('search_path', '', false);
SET check_function_bodies = false;
SET xmloption = content;
SET client_min_messages = warning;
SET row_security = off;

SET default_tablespace = '';

SET default_table_access_method = heap;

--
-- TOC entry 216 (class 1259 OID 17138)
-- Name: auth_group; Type: TABLE; Schema: public; Owner: postgres
--

CREATE TABLE public.auth_group (
    id integer NOT NULL,
    name character varying(150) NOT NULL
);


ALTER TABLE public.auth_group OWNER TO postgres;

--
-- TOC entry 215 (class 1259 OID 17137)
-- Name: auth_group_id_seq; Type: SEQUENCE; Schema: public; Owner: postgres
--

ALTER TABLE public.auth_group ALTER COLUMN id ADD GENERATED BY DEFAULT AS IDENTITY (
    SEQUENCE NAME public.auth_group_id_seq
    START WITH 1
    INCREMENT BY 1
    NO MINVALUE
    NO MAXVALUE
    CACHE 1
);


--
-- TOC entry 218 (class 1259 OID 17146)
-- Name: auth_group_permissions; Type: TABLE; Schema: public; Owner: postgres
--

CREATE TABLE public.auth_group_permissions (
    id bigint NOT NULL,
    group_id integer NOT NULL,
    permission_id integer NOT NULL
);


ALTER TABLE public.auth_group_permissions OWNER TO postgres;

--
-- TOC entry 217 (class 1259 OID 17145)
-- Name: auth_group_permissions_id_seq; Type: SEQUENCE; Schema: public; Owner: postgres
--

ALTER TABLE public.auth_group_permissions ALTER COLUMN id ADD GENERATED BY DEFAULT AS IDENTITY (
    SEQUENCE NAME public.auth_group_permissions_id_seq
    START WITH 1
    INCREMENT BY 1
    NO MINVALUE
    NO MAXVALUE
    CACHE 1
);


--
-- TOC entry 214 (class 1259 OID 17132)
-- Name: auth_permission; Type: TABLE; Schema: public; Owner: postgres
--

CREATE TABLE public.auth_permission (
    id integer NOT NULL,
    name character varying(255) NOT NULL,
    content_type_id integer NOT NULL,
    codename character varying(100) NOT NULL
);


ALTER TABLE public.auth_permission OWNER TO postgres;

--
-- TOC entry 213 (class 1259 OID 17131)
-- Name: auth_permission_id_seq; Type: SEQUENCE; Schema: public; Owner: postgres
--

ALTER TABLE public.auth_permission ALTER COLUMN id ADD GENERATED BY DEFAULT AS IDENTITY (
    SEQUENCE NAME public.auth_permission_id_seq
    START WITH 1
    INCREMENT BY 1
    NO MINVALUE
    NO MAXVALUE
    CACHE 1
);


--
-- TOC entry 220 (class 1259 OID 17152)
-- Name: auth_user; Type: TABLE; Schema: public; Owner: postgres
--

CREATE TABLE public.auth_user (
    id integer NOT NULL,
    password character varying(128) NOT NULL,
    last_login timestamp with time zone,
    is_superuser boolean NOT NULL,
    username character varying(150) NOT NULL,
    first_name character varying(150) NOT NULL,
    last_name character varying(150) NOT NULL,
    email character varying(254) NOT NULL,
    is_staff boolean NOT NULL,
    is_active boolean NOT NULL,
    date_joined timestamp with time zone NOT NULL
);


ALTER TABLE public.auth_user OWNER TO postgres;

--
-- TOC entry 222 (class 1259 OID 17160)
-- Name: auth_user_groups; Type: TABLE; Schema: public; Owner: postgres
--

CREATE TABLE public.auth_user_groups (
    id bigint NOT NULL,
    user_id integer NOT NULL,
    group_id integer NOT NULL
);


ALTER TABLE public.auth_user_groups OWNER TO postgres;

--
-- TOC entry 221 (class 1259 OID 17159)
-- Name: auth_user_groups_id_seq; Type: SEQUENCE; Schema: public; Owner: postgres
--

ALTER TABLE public.auth_user_groups ALTER COLUMN id ADD GENERATED BY DEFAULT AS IDENTITY (
    SEQUENCE NAME public.auth_user_groups_id_seq
    START WITH 1
    INCREMENT BY 1
    NO MINVALUE
    NO MAXVALUE
    CACHE 1
);


--
-- TOC entry 219 (class 1259 OID 17151)
-- Name: auth_user_id_seq; Type: SEQUENCE; Schema: public; Owner: postgres
--

ALTER TABLE public.auth_user ALTER COLUMN id ADD GENERATED BY DEFAULT AS IDENTITY (
    SEQUENCE NAME public.auth_user_id_seq
    START WITH 1
    INCREMENT BY 1
    NO MINVALUE
    NO MAXVALUE
    CACHE 1
);


--
-- TOC entry 224 (class 1259 OID 17166)
-- Name: auth_user_user_permissions; Type: TABLE; Schema: public; Owner: postgres
--

CREATE TABLE public.auth_user_user_permissions (
    id bigint NOT NULL,
    user_id integer NOT NULL,
    permission_id integer NOT NULL
);


ALTER TABLE public.auth_user_user_permissions OWNER TO postgres;

--
-- TOC entry 223 (class 1259 OID 17165)
-- Name: auth_user_user_permissions_id_seq; Type: SEQUENCE; Schema: public; Owner: postgres
--

ALTER TABLE public.auth_user_user_permissions ALTER COLUMN id ADD GENERATED BY DEFAULT AS IDENTITY (
    SEQUENCE NAME public.auth_user_user_permissions_id_seq
    START WITH 1
    INCREMENT BY 1
    NO MINVALUE
    NO MAXVALUE
    CACHE 1
);


--
-- TOC entry 270 (class 1259 OID 25875)
-- Name: authtoken_token; Type: TABLE; Schema: public; Owner: postgres
--

CREATE TABLE public.authtoken_token (
    key character varying(40) NOT NULL,
    created timestamp with time zone NOT NULL,
    user_id integer NOT NULL
);


ALTER TABLE public.authtoken_token OWNER TO postgres;

--
-- TOC entry 269 (class 1259 OID 25860)
-- Name: captcha_captchastore; Type: TABLE; Schema: public; Owner: postgres
--

CREATE TABLE public.captcha_captchastore (
    id integer NOT NULL,
    challenge character varying(32) NOT NULL,
    response character varying(32) NOT NULL,
    hashkey character varying(40) NOT NULL,
    expiration timestamp with time zone NOT NULL
);


ALTER TABLE public.captcha_captchastore OWNER TO postgres;

--
-- TOC entry 268 (class 1259 OID 25859)
-- Name: captcha_captchastore_id_seq; Type: SEQUENCE; Schema: public; Owner: postgres
--

ALTER TABLE public.captcha_captchastore ALTER COLUMN id ADD GENERATED BY DEFAULT AS IDENTITY (
    SEQUENCE NAME public.captcha_captchastore_id_seq
    START WITH 1
    INCREMENT BY 1
    NO MINVALUE
    NO MAXVALUE
    CACHE 1
);


--
-- TOC entry 226 (class 1259 OID 17224)
-- Name: django_admin_log; Type: TABLE; Schema: public; Owner: postgres
--

CREATE TABLE public.django_admin_log (
    id integer NOT NULL,
    action_time timestamp with time zone NOT NULL,
    object_id text,
    object_repr character varying(200) NOT NULL,
    action_flag smallint NOT NULL,
    change_message text NOT NULL,
    content_type_id integer,
    user_id integer NOT NULL,
    CONSTRAINT django_admin_log_action_flag_check CHECK ((action_flag >= 0))
);


ALTER TABLE public.django_admin_log OWNER TO postgres;

--
-- TOC entry 225 (class 1259 OID 17223)
-- Name: django_admin_log_id_seq; Type: SEQUENCE; Schema: public; Owner: postgres
--

ALTER TABLE public.django_admin_log ALTER COLUMN id ADD GENERATED BY DEFAULT AS IDENTITY (
    SEQUENCE NAME public.django_admin_log_id_seq
    START WITH 1
    INCREMENT BY 1
    NO MINVALUE
    NO MAXVALUE
    CACHE 1
);


--
-- TOC entry 212 (class 1259 OID 17124)
-- Name: django_content_type; Type: TABLE; Schema: public; Owner: postgres
--

CREATE TABLE public.django_content_type (
    id integer NOT NULL,
    app_label character varying(100) NOT NULL,
    model character varying(100) NOT NULL
);


ALTER TABLE public.django_content_type OWNER TO postgres;

--
-- TOC entry 211 (class 1259 OID 17123)
-- Name: django_content_type_id_seq; Type: SEQUENCE; Schema: public; Owner: postgres
--

ALTER TABLE public.django_content_type ALTER COLUMN id ADD GENERATED BY DEFAULT AS IDENTITY (
    SEQUENCE NAME public.django_content_type_id_seq
    START WITH 1
    INCREMENT BY 1
    NO MINVALUE
    NO MAXVALUE
    CACHE 1
);


--
-- TOC entry 210 (class 1259 OID 17116)
-- Name: django_migrations; Type: TABLE; Schema: public; Owner: postgres
--

CREATE TABLE public.django_migrations (
    id bigint NOT NULL,
    app character varying(255) NOT NULL,
    name character varying(255) NOT NULL,
    applied timestamp with time zone NOT NULL
);


ALTER TABLE public.django_migrations OWNER TO postgres;

--
-- TOC entry 209 (class 1259 OID 17115)
-- Name: django_migrations_id_seq; Type: SEQUENCE; Schema: public; Owner: postgres
--

ALTER TABLE public.django_migrations ALTER COLUMN id ADD GENERATED BY DEFAULT AS IDENTITY (
    SEQUENCE NAME public.django_migrations_id_seq
    START WITH 1
    INCREMENT BY 1
    NO MINVALUE
    NO MAXVALUE
    CACHE 1
);


--
-- TOC entry 227 (class 1259 OID 17252)
-- Name: django_session; Type: TABLE; Schema: public; Owner: postgres
--

CREATE TABLE public.django_session (
    session_key character varying(40) NOT NULL,
    session_data text NOT NULL,
    expire_date timestamp with time zone NOT NULL
);


ALTER TABLE public.django_session OWNER TO postgres;

--
-- TOC entry 259 (class 1259 OID 17581)
-- Name: triangle_category; Type: TABLE; Schema: public; Owner: postgres
--

CREATE TABLE public.triangle_category (
    id bigint NOT NULL,
    slug character varying(50) NOT NULL,
    name character varying(255) NOT NULL,
    time_create timestamp with time zone NOT NULL
);


ALTER TABLE public.triangle_category OWNER TO postgres;

--
-- TOC entry 258 (class 1259 OID 17580)
-- Name: triangle_category_id_seq; Type: SEQUENCE; Schema: public; Owner: postgres
--

ALTER TABLE public.triangle_category ALTER COLUMN id ADD GENERATED BY DEFAULT AS IDENTITY (
    SEQUENCE NAME public.triangle_category_id_seq
    START WITH 1
    INCREMENT BY 1
    NO MINVALUE
    NO MAXVALUE
    CACHE 1
);


--
-- TOC entry 243 (class 1259 OID 17325)
-- Name: triangle_comment; Type: TABLE; Schema: public; Owner: postgres
--

CREATE TABLE public.triangle_comment (
    id bigint NOT NULL,
    text text NOT NULL,
    time_create timestamp with time zone NOT NULL,
    user_id bigint NOT NULL,
    answer_to_id bigint,
    post_id bigint
);


ALTER TABLE public.triangle_comment OWNER TO postgres;

--
-- TOC entry 242 (class 1259 OID 17324)
-- Name: triangle_comment_id_seq; Type: SEQUENCE; Schema: public; Owner: postgres
--

ALTER TABLE public.triangle_comment ALTER COLUMN id ADD GENERATED BY DEFAULT AS IDENTITY (
    SEQUENCE NAME public.triangle_comment_id_seq
    START WITH 1
    INCREMENT BY 1
    NO MINVALUE
    NO MAXVALUE
    CACHE 1
);


--
-- TOC entry 229 (class 1259 OID 17262)
-- Name: triangle_employee; Type: TABLE; Schema: public; Owner: postgres
--

CREATE TABLE public.triangle_employee (
    id bigint NOT NULL,
    name character varying(255) NOT NULL,
    "position" character varying(255) NOT NULL,
    photo character varying(100) NOT NULL,
    facebook character varying(255) NOT NULL,
    twitter character varying(255) NOT NULL,
    email character varying(254) NOT NULL
);


ALTER TABLE public.triangle_employee OWNER TO postgres;

--
-- TOC entry 228 (class 1259 OID 17261)
-- Name: triangle_employee_id_seq; Type: SEQUENCE; Schema: public; Owner: postgres
--

ALTER TABLE public.triangle_employee ALTER COLUMN id ADD GENERATED BY DEFAULT AS IDENTITY (
    SEQUENCE NAME public.triangle_employee_id_seq
    START WITH 1
    INCREMENT BY 1
    NO MINVALUE
    NO MAXVALUE
    CACHE 1
);


--
-- TOC entry 231 (class 1259 OID 17276)
-- Name: triangle_message; Type: TABLE; Schema: public; Owner: postgres
--

CREATE TABLE public.triangle_message (
    id bigint NOT NULL,
    name character varying(255) NOT NULL,
    email character varying(254) NOT NULL,
    text text NOT NULL,
    status character varying(255) NOT NULL,
    time_create timestamp with time zone NOT NULL,
    time_update timestamp with time zone NOT NULL
);


ALTER TABLE public.triangle_message OWNER TO postgres;

--
-- TOC entry 230 (class 1259 OID 17275)
-- Name: triangle_message_id_seq; Type: SEQUENCE; Schema: public; Owner: postgres
--

ALTER TABLE public.triangle_message ALTER COLUMN id ADD GENERATED BY DEFAULT AS IDENTITY (
    SEQUENCE NAME public.triangle_message_id_seq
    START WITH 1
    INCREMENT BY 1
    NO MINVALUE
    NO MAXVALUE
    CACHE 1
);


--
-- TOC entry 241 (class 1259 OID 17317)
-- Name: triangle_order; Type: TABLE; Schema: public; Owner: postgres
--

CREATE TABLE public.triangle_order (
    id bigint NOT NULL,
    comment character varying(255) NOT NULL,
    status character varying(255) NOT NULL,
    time_create timestamp with time zone NOT NULL,
    time_update timestamp with time zone NOT NULL,
    time_done timestamp with time zone,
    pricing_id bigint,
    user_id bigint NOT NULL
);


ALTER TABLE public.triangle_order OWNER TO postgres;

--
-- TOC entry 240 (class 1259 OID 17316)
-- Name: triangle_order_id_seq; Type: SEQUENCE; Schema: public; Owner: postgres
--

ALTER TABLE public.triangle_order ALTER COLUMN id ADD GENERATED BY DEFAULT AS IDENTITY (
    SEQUENCE NAME public.triangle_order_id_seq
    START WITH 1
    INCREMENT BY 1
    NO MINVALUE
    NO MAXVALUE
    CACHE 1
);


--
-- TOC entry 263 (class 1259 OID 17598)
-- Name: triangle_post; Type: TABLE; Schema: public; Owner: postgres
--

CREATE TABLE public.triangle_post (
    id bigint NOT NULL,
    slug character varying(50) NOT NULL,
    name character varying(255) NOT NULL,
    description text NOT NULL,
    photo character varying(100) NOT NULL,
    likes integer NOT NULL,
    time_create timestamp with time zone NOT NULL,
    CONSTRAINT triangle_post_likes_check CHECK ((likes >= 0))
);


ALTER TABLE public.triangle_post OWNER TO postgres;

--
-- TOC entry 265 (class 1259 OID 17607)
-- Name: triangle_post_categories; Type: TABLE; Schema: public; Owner: postgres
--

CREATE TABLE public.triangle_post_categories (
    id bigint NOT NULL,
    post_id bigint NOT NULL,
    category_id bigint NOT NULL
);


ALTER TABLE public.triangle_post_categories OWNER TO postgres;

--
-- TOC entry 264 (class 1259 OID 17606)
-- Name: triangle_post_categories_id_seq; Type: SEQUENCE; Schema: public; Owner: postgres
--

ALTER TABLE public.triangle_post_categories ALTER COLUMN id ADD GENERATED BY DEFAULT AS IDENTITY (
    SEQUENCE NAME public.triangle_post_categories_id_seq
    START WITH 1
    INCREMENT BY 1
    NO MINVALUE
    NO MAXVALUE
    CACHE 1
);


--
-- TOC entry 262 (class 1259 OID 17597)
-- Name: triangle_post_id_seq; Type: SEQUENCE; Schema: public; Owner: postgres
--

ALTER TABLE public.triangle_post ALTER COLUMN id ADD GENERATED BY DEFAULT AS IDENTITY (
    SEQUENCE NAME public.triangle_post_id_seq
    START WITH 1
    INCREMENT BY 1
    NO MINVALUE
    NO MAXVALUE
    CACHE 1
);


--
-- TOC entry 267 (class 1259 OID 17613)
-- Name: triangle_post_tags; Type: TABLE; Schema: public; Owner: postgres
--

CREATE TABLE public.triangle_post_tags (
    id bigint NOT NULL,
    post_id bigint NOT NULL,
    tag_id bigint NOT NULL
);


ALTER TABLE public.triangle_post_tags OWNER TO postgres;

--
-- TOC entry 266 (class 1259 OID 17612)
-- Name: triangle_post_tags_id_seq; Type: SEQUENCE; Schema: public; Owner: postgres
--

ALTER TABLE public.triangle_post_tags ALTER COLUMN id ADD GENERATED BY DEFAULT AS IDENTITY (
    SEQUENCE NAME public.triangle_post_tags_id_seq
    START WITH 1
    INCREMENT BY 1
    NO MINVALUE
    NO MAXVALUE
    CACHE 1
);


--
-- TOC entry 233 (class 1259 OID 17286)
-- Name: triangle_pricing; Type: TABLE; Schema: public; Owner: postgres
--

CREATE TABLE public.triangle_pricing (
    id bigint NOT NULL,
    name character varying(255) NOT NULL,
    price double precision NOT NULL,
    tilda boolean NOT NULL,
    word_press boolean NOT NULL,
    open_cart boolean NOT NULL,
    custom_development boolean NOT NULL,
    google_analytics boolean NOT NULL,
    time_create timestamp with time zone NOT NULL,
    time_update timestamp with time zone NOT NULL
);


ALTER TABLE public.triangle_pricing OWNER TO postgres;

--
-- TOC entry 232 (class 1259 OID 17285)
-- Name: triangle_pricing_id_seq; Type: SEQUENCE; Schema: public; Owner: postgres
--

ALTER TABLE public.triangle_pricing ALTER COLUMN id ADD GENERATED BY DEFAULT AS IDENTITY (
    SEQUENCE NAME public.triangle_pricing_id_seq
    START WITH 1
    INCREMENT BY 1
    NO MINVALUE
    NO MAXVALUE
    CACHE 1
);


--
-- TOC entry 249 (class 1259 OID 17399)
-- Name: triangle_project; Type: TABLE; Schema: public; Owner: postgres
--

CREATE TABLE public.triangle_project (
    id bigint NOT NULL,
    slug character varying(50) NOT NULL,
    name character varying(255) NOT NULL,
    description text NOT NULL,
    time_create timestamp with time zone NOT NULL,
    photo_big character varying(100) NOT NULL,
    photo_small character varying(100) NOT NULL,
    is_top boolean NOT NULL
);


ALTER TABLE public.triangle_project OWNER TO postgres;

--
-- TOC entry 251 (class 1259 OID 17407)
-- Name: triangle_project_client; Type: TABLE; Schema: public; Owner: postgres
--

CREATE TABLE public.triangle_project_client (
    id bigint NOT NULL,
    project_id bigint NOT NULL,
    user_id bigint NOT NULL
);


ALTER TABLE public.triangle_project_client OWNER TO postgres;

--
-- TOC entry 250 (class 1259 OID 17406)
-- Name: triangle_project_client_id_seq; Type: SEQUENCE; Schema: public; Owner: postgres
--

ALTER TABLE public.triangle_project_client ALTER COLUMN id ADD GENERATED BY DEFAULT AS IDENTITY (
    SEQUENCE NAME public.triangle_project_client_id_seq
    START WITH 1
    INCREMENT BY 1
    NO MINVALUE
    NO MAXVALUE
    CACHE 1
);


--
-- TOC entry 248 (class 1259 OID 17398)
-- Name: triangle_project_id_seq; Type: SEQUENCE; Schema: public; Owner: postgres
--

ALTER TABLE public.triangle_project ALTER COLUMN id ADD GENERATED BY DEFAULT AS IDENTITY (
    SEQUENCE NAME public.triangle_project_id_seq
    START WITH 1
    INCREMENT BY 1
    NO MINVALUE
    NO MAXVALUE
    CACHE 1
);


--
-- TOC entry 253 (class 1259 OID 17413)
-- Name: triangle_project_projects; Type: TABLE; Schema: public; Owner: postgres
--

CREATE TABLE public.triangle_project_projects (
    id bigint NOT NULL,
    from_project_id bigint NOT NULL,
    to_project_id bigint NOT NULL
);


ALTER TABLE public.triangle_project_projects OWNER TO postgres;

--
-- TOC entry 252 (class 1259 OID 17412)
-- Name: triangle_project_projects_id_seq; Type: SEQUENCE; Schema: public; Owner: postgres
--

ALTER TABLE public.triangle_project_projects ALTER COLUMN id ADD GENERATED BY DEFAULT AS IDENTITY (
    SEQUENCE NAME public.triangle_project_projects_id_seq
    START WITH 1
    INCREMENT BY 1
    NO MINVALUE
    NO MAXVALUE
    CACHE 1
);


--
-- TOC entry 255 (class 1259 OID 17419)
-- Name: triangle_project_sections; Type: TABLE; Schema: public; Owner: postgres
--

CREATE TABLE public.triangle_project_sections (
    id bigint NOT NULL,
    project_id bigint NOT NULL,
    section_id bigint NOT NULL
);


ALTER TABLE public.triangle_project_sections OWNER TO postgres;

--
-- TOC entry 254 (class 1259 OID 17418)
-- Name: triangle_project_sections_id_seq; Type: SEQUENCE; Schema: public; Owner: postgres
--

ALTER TABLE public.triangle_project_sections ALTER COLUMN id ADD GENERATED BY DEFAULT AS IDENTITY (
    SEQUENCE NAME public.triangle_project_sections_id_seq
    START WITH 1
    INCREMENT BY 1
    NO MINVALUE
    NO MAXVALUE
    CACHE 1
);


--
-- TOC entry 257 (class 1259 OID 17425)
-- Name: triangle_project_skills; Type: TABLE; Schema: public; Owner: postgres
--

CREATE TABLE public.triangle_project_skills (
    id bigint NOT NULL,
    project_id bigint NOT NULL,
    skill_id bigint NOT NULL
);


ALTER TABLE public.triangle_project_skills OWNER TO postgres;

--
-- TOC entry 256 (class 1259 OID 17424)
-- Name: triangle_project_skills_id_seq; Type: SEQUENCE; Schema: public; Owner: postgres
--

ALTER TABLE public.triangle_project_skills ALTER COLUMN id ADD GENERATED BY DEFAULT AS IDENTITY (
    SEQUENCE NAME public.triangle_project_skills_id_seq
    START WITH 1
    INCREMENT BY 1
    NO MINVALUE
    NO MAXVALUE
    CACHE 1
);


--
-- TOC entry 239 (class 1259 OID 17309)
-- Name: triangle_response; Type: TABLE; Schema: public; Owner: postgres
--

CREATE TABLE public.triangle_response (
    id bigint NOT NULL,
    text text NOT NULL,
    time_create timestamp with time zone NOT NULL,
    user_id bigint NOT NULL
);


ALTER TABLE public.triangle_response OWNER TO postgres;

--
-- TOC entry 238 (class 1259 OID 17308)
-- Name: triangle_response_id_seq; Type: SEQUENCE; Schema: public; Owner: postgres
--

ALTER TABLE public.triangle_response ALTER COLUMN id ADD GENERATED BY DEFAULT AS IDENTITY (
    SEQUENCE NAME public.triangle_response_id_seq
    START WITH 1
    INCREMENT BY 1
    NO MINVALUE
    NO MAXVALUE
    CACHE 1
);


--
-- TOC entry 245 (class 1259 OID 17387)
-- Name: triangle_section; Type: TABLE; Schema: public; Owner: postgres
--

CREATE TABLE public.triangle_section (
    id bigint NOT NULL,
    slug character varying(50) NOT NULL,
    name character varying(255) NOT NULL,
    time_create timestamp with time zone NOT NULL
);


ALTER TABLE public.triangle_section OWNER TO postgres;

--
-- TOC entry 244 (class 1259 OID 17386)
-- Name: triangle_section_id_seq; Type: SEQUENCE; Schema: public; Owner: postgres
--

ALTER TABLE public.triangle_section ALTER COLUMN id ADD GENERATED BY DEFAULT AS IDENTITY (
    SEQUENCE NAME public.triangle_section_id_seq
    START WITH 1
    INCREMENT BY 1
    NO MINVALUE
    NO MAXVALUE
    CACHE 1
);


--
-- TOC entry 235 (class 1259 OID 17293)
-- Name: triangle_service; Type: TABLE; Schema: public; Owner: postgres
--

CREATE TABLE public.triangle_service (
    id bigint NOT NULL,
    name character varying(255) NOT NULL,
    description text NOT NULL,
    photo character varying(100) NOT NULL,
    time_create timestamp with time zone NOT NULL,
    is_top boolean NOT NULL
);


ALTER TABLE public.triangle_service OWNER TO postgres;

--
-- TOC entry 234 (class 1259 OID 17292)
-- Name: triangle_service_id_seq; Type: SEQUENCE; Schema: public; Owner: postgres
--

ALTER TABLE public.triangle_service ALTER COLUMN id ADD GENERATED BY DEFAULT AS IDENTITY (
    SEQUENCE NAME public.triangle_service_id_seq
    START WITH 1
    INCREMENT BY 1
    NO MINVALUE
    NO MAXVALUE
    CACHE 1
);


--
-- TOC entry 247 (class 1259 OID 17393)
-- Name: triangle_skill; Type: TABLE; Schema: public; Owner: postgres
--

CREATE TABLE public.triangle_skill (
    id bigint NOT NULL,
    slug character varying(50) NOT NULL,
    name character varying(255) NOT NULL,
    time_create timestamp with time zone NOT NULL
);


ALTER TABLE public.triangle_skill OWNER TO postgres;

--
-- TOC entry 246 (class 1259 OID 17392)
-- Name: triangle_skill_id_seq; Type: SEQUENCE; Schema: public; Owner: postgres
--

ALTER TABLE public.triangle_skill ALTER COLUMN id ADD GENERATED BY DEFAULT AS IDENTITY (
    SEQUENCE NAME public.triangle_skill_id_seq
    START WITH 1
    INCREMENT BY 1
    NO MINVALUE
    NO MAXVALUE
    CACHE 1
);


--
-- TOC entry 261 (class 1259 OID 17587)
-- Name: triangle_tag; Type: TABLE; Schema: public; Owner: postgres
--

CREATE TABLE public.triangle_tag (
    id bigint NOT NULL,
    slug character varying(50) NOT NULL,
    name character varying(255) NOT NULL,
    time_create timestamp with time zone NOT NULL
);


ALTER TABLE public.triangle_tag OWNER TO postgres;

--
-- TOC entry 260 (class 1259 OID 17586)
-- Name: triangle_tag_id_seq; Type: SEQUENCE; Schema: public; Owner: postgres
--

ALTER TABLE public.triangle_tag ALTER COLUMN id ADD GENERATED BY DEFAULT AS IDENTITY (
    SEQUENCE NAME public.triangle_tag_id_seq
    START WITH 1
    INCREMENT BY 1
    NO MINVALUE
    NO MAXVALUE
    CACHE 1
);


--
-- TOC entry 237 (class 1259 OID 17303)
-- Name: triangle_user; Type: TABLE; Schema: public; Owner: postgres
--

CREATE TABLE public.triangle_user (
    id bigint NOT NULL,
    name character varying(255) NOT NULL,
    is_client boolean NOT NULL,
    time_create timestamp with time zone NOT NULL,
    photo_big character varying(100) NOT NULL,
    photo_small character varying(100) NOT NULL,
    email character varying(254) NOT NULL,
    is_top boolean NOT NULL,
    password character varying(255) NOT NULL
);


ALTER TABLE public.triangle_user OWNER TO postgres;

--
-- TOC entry 236 (class 1259 OID 17302)
-- Name: triangle_user_id_seq; Type: SEQUENCE; Schema: public; Owner: postgres
--

ALTER TABLE public.triangle_user ALTER COLUMN id ADD GENERATED BY DEFAULT AS IDENTITY (
    SEQUENCE NAME public.triangle_user_id_seq
    START WITH 1
    INCREMENT BY 1
    NO MINVALUE
    NO MAXVALUE
    CACHE 1
);


--
-- TOC entry 3679 (class 0 OID 17138)
-- Dependencies: 216
-- Data for Name: auth_group; Type: TABLE DATA; Schema: public; Owner: postgres
--

COPY public.auth_group (id, name) FROM stdin;
\.


--
-- TOC entry 3681 (class 0 OID 17146)
-- Dependencies: 218
-- Data for Name: auth_group_permissions; Type: TABLE DATA; Schema: public; Owner: postgres
--

COPY public.auth_group_permissions (id, group_id, permission_id) FROM stdin;
\.


--
-- TOC entry 3677 (class 0 OID 17132)
-- Dependencies: 214
-- Data for Name: auth_permission; Type: TABLE DATA; Schema: public; Owner: postgres
--

COPY public.auth_permission (id, name, content_type_id, codename) FROM stdin;
1	Can add log entry	1	add_logentry
2	Can change log entry	1	change_logentry
3	Can delete log entry	1	delete_logentry
4	Can view log entry	1	view_logentry
5	Can add permission	2	add_permission
6	Can change permission	2	change_permission
7	Can delete permission	2	delete_permission
8	Can view permission	2	view_permission
9	Can add group	3	add_group
10	Can change group	3	change_group
11	Can delete group	3	delete_group
12	Can view group	3	view_group
13	Can add user	4	add_user
14	Can change user	4	change_user
15	Can delete user	4	delete_user
16	Can view user	4	view_user
17	Can add content type	5	add_contenttype
18	Can change content type	5	change_contenttype
19	Can delete content type	5	delete_contenttype
20	Can view content type	5	view_contenttype
21	Can add session	6	add_session
22	Can change session	6	change_session
23	Can delete session	6	delete_session
24	Can view session	6	view_session
25	Can add Працівник	7	add_employee
26	Can change Працівник	7	change_employee
27	Can delete Працівник	7	delete_employee
28	Can view Працівник	7	view_employee
29	Can add Повідомлення	8	add_message
30	Can change Повідомлення	8	change_message
31	Can delete Повідомлення	8	delete_message
32	Can view Повідомлення	8	view_message
33	Can add Ціноутворення	9	add_pricing
34	Can change Ціноутворення	9	change_pricing
35	Can delete Ціноутворення	9	delete_pricing
36	Can view Ціноутворення	9	view_pricing
37	Can add Послуга	10	add_service
38	Can change Послуга	10	change_service
39	Can delete Послуга	10	delete_service
40	Can view Послуга	10	view_service
41	Can add Користувач	11	add_user
42	Can change Користувач	11	change_user
43	Can delete Користувач	11	delete_user
44	Can view Користувач	11	view_user
45	Can add Коментар	12	add_response
46	Can change Коментар	12	change_response
47	Can delete Коментар	12	delete_response
48	Can view Коментар	12	view_response
49	Can add Замовлення	13	add_order
50	Can change Замовлення	13	change_order
51	Can delete Замовлення	13	delete_order
52	Can view Замовлення	13	view_order
53	Can add Коментар	14	add_comment
54	Can change Коментар	14	change_comment
55	Can delete Коментар	14	delete_comment
56	Can view Коментар	14	view_comment
57	Can add Проект	15	add_project
58	Can change Проект	15	change_project
59	Can delete Проект	15	delete_project
60	Can view Проект	15	view_project
61	Can add Розділ	16	add_section
62	Can change Розділ	16	change_section
63	Can delete Розділ	16	delete_section
64	Can view Розділ	16	view_section
65	Can add Навичка	17	add_skill
66	Can change Навичка	17	change_skill
67	Can delete Навичка	17	delete_skill
68	Can view Навичка	17	view_skill
69	Can add Пост	18	add_post
70	Can change Пост	18	change_post
71	Can delete Пост	18	delete_post
72	Can view Пост	18	view_post
73	Can add Категорія	19	add_category
74	Can change Категорія	19	change_category
75	Can delete Категорія	19	delete_category
76	Can view Категорія	19	view_category
77	Can add Тег	20	add_tag
78	Can change Тег	20	change_tag
79	Can delete Тег	20	delete_tag
80	Can view Тег	20	view_tag
81	Can add captcha store	21	add_captchastore
82	Can change captcha store	21	change_captchastore
83	Can delete captcha store	21	delete_captchastore
84	Can view captcha store	21	view_captchastore
85	Can add Token	22	add_token
86	Can change Token	22	change_token
87	Can delete Token	22	delete_token
88	Can view Token	22	view_token
89	Can add token	23	add_tokenproxy
90	Can change token	23	change_tokenproxy
91	Can delete token	23	delete_tokenproxy
92	Can view token	23	view_tokenproxy
\.


--
-- TOC entry 3683 (class 0 OID 17152)
-- Dependencies: 220
-- Data for Name: auth_user; Type: TABLE DATA; Schema: public; Owner: postgres
--

COPY public.auth_user (id, password, last_login, is_superuser, username, first_name, last_name, email, is_staff, is_active, date_joined) FROM stdin;
1	pbkdf2_sha256$390000$Z4rONYpkqLoJnCGawh5WTT$gvOkm5pxhVNG9psTh6MLRwo+PWBKFxMhTdfvCcJ7kF4=	2022-10-02 11:02:50.798153+00	t	Root			root@emai.oo	t	t	2022-09-20 11:31:29.101066+00
2	pbkdf2_sha256$390000$C6LB7LBqxcn3ww0q925p1C$RLhrizqMFkCzuGmPp8EBnVo47l5KXQnMX1sjz8cZ9yY=	2023-04-20 12:35:01.317603+00	t	admin			admin@mail.io	t	t	2022-10-02 11:06:04.152434+00
\.


--
-- TOC entry 3685 (class 0 OID 17160)
-- Dependencies: 222
-- Data for Name: auth_user_groups; Type: TABLE DATA; Schema: public; Owner: postgres
--

COPY public.auth_user_groups (id, user_id, group_id) FROM stdin;
\.


--
-- TOC entry 3687 (class 0 OID 17166)
-- Dependencies: 224
-- Data for Name: auth_user_user_permissions; Type: TABLE DATA; Schema: public; Owner: postgres
--

COPY public.auth_user_user_permissions (id, user_id, permission_id) FROM stdin;
\.


--
-- TOC entry 3733 (class 0 OID 25875)
-- Dependencies: 270
-- Data for Name: authtoken_token; Type: TABLE DATA; Schema: public; Owner: postgres
--

COPY public.authtoken_token (key, created, user_id) FROM stdin;
\.


--
-- TOC entry 3732 (class 0 OID 25860)
-- Dependencies: 269
-- Data for Name: captcha_captchastore; Type: TABLE DATA; Schema: public; Owner: postgres
--

COPY public.captcha_captchastore (id, challenge, response, hashkey, expiration) FROM stdin;
44	NSXE	nsxe	cebd89564ae3286697136e32de1fbe9d75de3a13	2023-04-20 12:00:47.997451+00
45	OGGU	oggu	fec73a9c79f0404feaabcfb2120dcdfbcccf1328	2023-04-20 12:00:55.888096+00
46	PWVX	pwvx	ae19a9361143638f1389fa50d3af8d6b6f9c3b9d	2023-04-20 12:01:50.695593+00
47	DSSP	dssp	f2e6a2efa99e9fe9184816b73b33e0381c09cf9a	2023-04-20 12:01:53.11272+00
48	LMGC	lmgc	9cf104d3f7ac5cd2681d8ee63c9df69a25f4878d	2023-04-20 12:01:56.617346+00
49	RFAL	rfal	3d22344e05a31a79ef50c3fcd6b445c2ce10ba44	2023-04-20 12:02:34.925379+00
50	SKYT	skyt	787cf49c6759dfd0fe66bf1ae86e13e195aaf36b	2023-04-20 12:04:54.387765+00
\.


--
-- TOC entry 3689 (class 0 OID 17224)
-- Dependencies: 226
-- Data for Name: django_admin_log; Type: TABLE DATA; Schema: public; Owner: postgres
--

COPY public.django_admin_log (id, action_time, object_id, object_repr, action_flag, change_message, content_type_id, user_id) FROM stdin;
1	2022-09-20 12:12:54.543962+00	1	American Ded	2	[{"changed": {"fields": ["Facebook"]}}]	7	1
2	2022-09-20 12:27:20.538762+00	9	Swift Page Builder_2	2	[{"changed": {"fields": ["Is top"]}}]	10	1
3	2022-09-20 14:03:01.014953+00	4	my name	2	[{"changed": {"fields": ["\\u0421\\u0442\\u0430\\u0442\\u0443\\u0441"]}}]	8	1
4	2022-09-20 14:35:39.850496+00	1	Проект 1	2	[{"changed": {"fields": ["Skills", "Projects"]}}]	15	1
5	2022-09-20 15:52:32.956945+00	10	my name	2	[{"changed": {"fields": ["\\u041c\\u0430\\u043b\\u0435\\u043d\\u044c\\u043a\\u0435 \\u0444\\u043e\\u0442\\u043e", "\\u0412\\u0435\\u043b\\u0438\\u043a\\u0435 \\u0444\\u043e\\u0442\\u043e"]}}]	11	1
\.


--
-- TOC entry 3675 (class 0 OID 17124)
-- Dependencies: 212
-- Data for Name: django_content_type; Type: TABLE DATA; Schema: public; Owner: postgres
--

COPY public.django_content_type (id, app_label, model) FROM stdin;
1	admin	logentry
2	auth	permission
3	auth	group
4	auth	user
5	contenttypes	contenttype
6	sessions	session
7	triangle	employee
8	triangle	message
9	triangle	pricing
10	triangle	service
11	triangle	user
12	triangle	response
13	triangle	order
14	triangle	comment
15	triangle	project
16	triangle	section
17	triangle	skill
18	triangle	post
19	triangle	category
20	triangle	tag
21	captcha	captchastore
22	authtoken	token
23	authtoken	tokenproxy
\.


--
-- TOC entry 3673 (class 0 OID 17116)
-- Dependencies: 210
-- Data for Name: django_migrations; Type: TABLE DATA; Schema: public; Owner: postgres
--

COPY public.django_migrations (id, app, name, applied) FROM stdin;
1	contenttypes	0001_initial	2022-08-30 16:25:45.580182+00
2	auth	0001_initial	2022-08-30 16:25:45.753717+00
3	admin	0001_initial	2022-08-30 16:25:45.802895+00
4	admin	0002_logentry_remove_auto_add	2022-08-30 16:25:45.816548+00
5	admin	0003_logentry_add_action_flag_choices	2022-08-30 16:25:45.830001+00
6	contenttypes	0002_remove_content_type_name	2022-08-30 16:25:45.872401+00
7	auth	0002_alter_permission_name_max_length	2022-08-30 16:25:45.889355+00
8	auth	0003_alter_user_email_max_length	2022-08-30 16:25:45.903317+00
9	auth	0004_alter_user_username_opts	2022-08-30 16:25:45.918364+00
10	auth	0005_alter_user_last_login_null	2022-08-30 16:25:45.932239+00
11	auth	0006_require_contenttypes_0002	2022-08-30 16:25:45.935233+00
12	auth	0007_alter_validators_add_error_messages	2022-08-30 16:25:45.948197+00
13	auth	0008_alter_user_username_max_length	2022-08-30 16:25:45.972133+00
14	auth	0009_alter_user_last_name_max_length	2022-08-30 16:25:45.985098+00
15	auth	0010_alter_group_name_max_length	2022-08-30 16:25:46.001057+00
16	auth	0011_update_proxy_permissions	2022-08-30 16:25:46.016015+00
17	auth	0012_alter_user_first_name_max_length	2022-08-30 16:25:46.02898+00
18	sessions	0001_initial	2022-08-30 16:25:46.057903+00
19	triangle	0001_initial	2022-08-30 16:25:46.272825+00
20	triangle	0002_remove_comment_answers_comment_answer_to_and_more	2022-08-30 16:34:37.033505+00
21	triangle	0003_section_skill_project	2022-08-30 17:05:33.195119+00
22	triangle	0004_category_tag_alter_comment_answer_to_and_more	2022-08-31 08:15:04.183944+00
23	triangle	0005_alter_comment_post	2022-08-31 08:15:04.22411+00
24	triangle	0006_project_photo_skill_photo_alter_employee_photo_and_more	2022-08-31 17:24:42.766458+00
25	triangle	0007_alter_category_name_alter_category_slug_and_more	2022-09-01 10:33:42.928867+00
26	triangle	0008_remove_project_photo_remove_skill_photo_and_more	2022-09-01 11:14:54.059377+00
27	triangle	0009_user_email	2022-09-01 14:34:13.235551+00
28	triangle	0010_service_is_top_user_is_top_alter_message_email	2022-09-03 08:53:51.069586+00
29	triangle	0011_project_is_top_alter_user_email	2022-09-07 13:23:08.229959+00
30	triangle	0012_user_password	2022-09-20 12:30:08.08732+00
31	captcha	0001_initial	2022-09-21 12:06:59.571219+00
32	captcha	0002_alter_captchastore_id	2022-09-21 12:06:59.5782+00
33	triangle	0013_alter_response_options_alter_comment_answer_to_and_more	2022-09-21 12:06:59.720822+00
34	triangle	0014_alter_employee_photo_alter_post_photo_and_more	2022-09-21 12:45:06.157454+00
35	triangle	0015_alter_employee_photo_alter_post_photo_and_more	2022-09-21 12:45:33.767529+00
36	authtoken	0001_initial	2022-10-02 10:06:40.900279+00
37	authtoken	0002_auto_20160226_1747	2022-10-02 10:06:40.959121+00
38	authtoken	0003_tokenproxy	2022-10-02 10:06:40.990244+00
\.


--
-- TOC entry 3690 (class 0 OID 17252)
-- Dependencies: 227
-- Data for Name: django_session; Type: TABLE DATA; Schema: public; Owner: postgres
--

COPY public.django_session (session_key, session_data, expire_date) FROM stdin;
jc72hw58j8c39tri3esl0d5fnebiyklq	eyJ1c2VyX2lkIjoxMH0:1oaEtQ:bkZ3_kqOGaThNpKzsYL3H4lXvkl2HcmW9UxXsa0MZNs	2022-10-03 11:24:52.078922+00
dm7e624ysdhq3ia3vkuyfkxe1qqozzio	eyJ1c2VyX2lkIjoxMH0:1oaEvY:TdUQowmQjaZffiYpQWa2PbMIjUjz8mz6WBNynix_IRE	2022-10-03 11:27:04.162033+00
ijtd1kdhv83yetnm9z3uljpiwuo2konh	eyJ1c2VyX2lkIjoxMH0:1oabDS:o3eHlhndefAkk1q4U47eFh7M9IOPoEVXxuDwNXc3ah4	2022-10-04 11:15:02.245504+00
r2jm2kh7lpgd9axnrc1uqfp7ry55m1tj	eyJ1c2VyX2lkIjoxOH0:1oayZi:zhPfCau2DJKaVXUkEcj8aRX3DRc1G6pH2SLqdC485ZQ	2022-10-05 12:11:34.634715+00
syuv0tz54y9mj51fqf18wpylxsb24ipn	.eJxVjEEOwiAQRe_C2hAGIQWX7j0DmWGgVA0kpV0Z726bdGG3_733PyLgupSw9jSHicVNgLj8b4TxleoO-Il1bDK2uswTyV2RB-3y0Ti974d7OijYy1ZT1sYyI5A1aUD2QNkgKwBLip12ZH02ipkTmYgbQa3BDoq8y_EK4vsDDP84zA:1oewb9:J-ME9NEujfJHHvZHyIVwL0aZYaRd8rgKr1orj30t4bI	2022-10-16 10:53:27.374804+00
8nvb8mdp7yzu7zulwfco1gr4fqgvmkw0	eyJ1c2VyX2lkIjoxMH0:1oh77Y:4rSsZJLdItkDbvDCapK6k-EUW3mtSncWkjCGo8CO7_4	2022-10-22 10:31:52.346371+00
8eyrthau7ynx9sguq0zal86jp1rtqj84	.eJxVjMsKwyAQRf_FdREdH9Euu883yDhOmrQlQkxWpf_eBkIh23POvW-xNV7SVMRVx4tIuK1j-iMB4sQy0pPnXZQHzvcqqc7rMmW5J_KwTfa18Ot2tKeDEdv4WzuvOwyqGIoRBkOEFDUGUKyVMhAN5I69ooEzewjOag8GHQBbCx61-HwBmag69w:1ppTV7:sfQwVKlHPXUr3q9l2z-tQ0IRjIUTahjZIYns75H8HJ0	2023-05-04 12:35:01.384982+00
\.


--
-- TOC entry 3722 (class 0 OID 17581)
-- Dependencies: 259
-- Data for Name: triangle_category; Type: TABLE DATA; Schema: public; Owner: postgres
--

COPY public.triangle_category (id, slug, name, time_create) FROM stdin;
1	category_1	категорія 1	2022-08-31 08:16:56.601383+00
2	lorem_ipsum	Lorem ipsum	2022-08-31 18:36:34.208973+00
3	dolor_sit_amet	Dolor sit amet	2022-08-31 18:36:36.869128+00
4	adipisicing_elit	Adipisicing elit	2022-08-31 18:36:39.591495+00
5	sed_do	Sed do	2022-08-31 18:36:41.784169+00
\.


--
-- TOC entry 3706 (class 0 OID 17325)
-- Dependencies: 243
-- Data for Name: triangle_comment; Type: TABLE DATA; Schema: public; Owner: postgres
--

COPY public.triangle_comment (id, text, time_create, user_id, answer_to_id, post_id) FROM stdin;
3	Великий текст коментаря	2022-08-31 08:21:36.683086+00	1	\N	1
4	Великий текст коментаря відповідь на коментар pk=3	2022-08-31 08:23:13.503238+00	1	3	\N
24	lkgnslkmnvlsknmvlkwsv	2022-09-15 08:27:56.673814+00	1	\N	2
25	lkgnslkmnvlsknmvlkwsv	2022-09-15 08:32:50.993143+00	1	\N	2
27	dfghjlknl;plkoijhulyfdhbjnkl;'\r\n[;plokijhugfndcv ;'[poiu;hgkvb ;lpoiuygfkcvn bkljiuytfcv	2022-09-15 09:13:13.973241+00	3	\N	2
28	відповідь на коментар pk=25	2022-09-15 09:14:13.88959+00	2	27	\N
32	comment user pk=10	2022-09-19 11:37:57.963748+00	10	\N	2
33	response from user pk=10	2022-09-19 11:47:40.131534+00	10	24	\N
34	my comment 08/10/2022	2022-10-08 07:29:26.636075+00	10	\N	4
35	ll l lkklkmkln	2022-10-08 09:44:16.349466+00	10	34	\N
36	mln	2022-10-08 09:44:48.52934+00	10	\N	3
\.


--
-- TOC entry 3692 (class 0 OID 17262)
-- Dependencies: 229
-- Data for Name: triangle_employee; Type: TABLE DATA; Schema: public; Owner: postgres
--

COPY public.triangle_employee (id, name, "position", photo, facebook, twitter, email) FROM stdin;
2	John Doe	frontend	photos/employees/employee_2.jpg	facebook_JD	twitter_JD	JD@email.com
3	John Smidth	CEO	photos/employees/employee_3.jpg	facebook_JS	twitter_JS	JS@email.com
4	Adam Smidth	teamlied	photos/employees/employee_4.jpg	facebook_AS	twitter_AS	AS@email.com
5	Abraham Stern	manager	photos/employees/employee_5.jpg	facebook_ASt	twitter_ASt	AS_t@email.com
6	Abraham Osborn	system admin	photos/employees/employee_6.jpg	facebook_AO	twitter_AO	AO@email.com
1	American Ded	backend	photos/employees/employee_1.jpg	facebook_AD_1	twitter_AD	AD@email.com
\.


--
-- TOC entry 3694 (class 0 OID 17276)
-- Dependencies: 231
-- Data for Name: triangle_message; Type: TABLE DATA; Schema: public; Owner: postgres
--

COPY public.triangle_message (id, name, email, text, status, time_create, time_update) FROM stdin;
1	my name	email_1@email.com	lkwrfmoewrmfgolerm	A	2022-09-01 16:51:55.01674+00	2022-09-01 16:51:55.01674+00
2	my name	eeoko@mial.ro	kjsfvjeonfokefv	A	2022-09-01 17:44:22.975848+00	2022-09-01 17:44:22.975848+00
3	my name	email_2@email.com	hrthrthr	A	2022-09-02 07:54:51.842468+00	2022-09-02 07:54:51.842468+00
5	lmdclksdmkv	email_1@email.com	l;dmcldmclwkmlcvkwf	A	2022-09-12 11:24:27.931868+00	2022-09-12 11:24:27.931868+00
6	my name	email_1@email.com	1234567890	A	2022-09-12 11:26:12.398542+00	2022-09-12 11:26:12.398542+00
7	my name	email_1@email.com	;lfk;lwf;e,rfe	A	2022-09-12 11:30:11.251029+00	2022-09-12 11:30:11.251029+00
8	my name	email_1@email.com	23456789	A	2022-09-12 11:31:48.077069+00	2022-09-12 11:31:48.077069+00
9	my name	email_1@email.com	cfgvhbijokp	A	2022-09-12 11:34:38.397414+00	2022-09-12 11:34:38.397414+00
10	my name	email_1@email.com	lknvekofvorjmoewrjfwejmfwepk	A	2022-09-12 11:35:28.910084+00	2022-09-12 11:35:28.910084+00
11	Співачки	email_100@email.com	preijgoierjh]oiejh]oi4jqhqo4jh	A	2022-09-15 08:23:22.555771+00	2022-09-15 08:23:22.555771+00
4	my name	borodanvasil@gmail.com	my big text	C	2022-09-12 06:39:39.606213+00	2022-09-20 14:03:01.000807+00
\.


--
-- TOC entry 3704 (class 0 OID 17317)
-- Dependencies: 241
-- Data for Name: triangle_order; Type: TABLE DATA; Schema: public; Owner: postgres
--

COPY public.triangle_order (id, comment, status, time_create, time_update, time_done, pricing_id, user_id) FROM stdin;
1	великий коментар до замовлення	A	2022-08-30 16:29:25.083794+00	2022-08-30 16:29:25.083794+00	\N	1	1
2	random text	A	2022-08-31 17:52:50.251014+00	2022-08-31 17:52:50.251014+00	\N	2	2
3	random text	A	2022-08-31 17:52:52.637992+00	2022-08-31 17:52:52.638455+00	\N	3	4
4	random text	A	2022-08-31 17:52:55.845735+00	2022-08-31 17:52:55.845735+00	\N	6	3
7	перше замовлення через форму	A	2022-09-20 10:42:24.892397+00	2022-09-20 10:42:24.892397+00	\N	6	10
8	oiwoifhgoiwhgohweoghwe	A	2022-09-20 10:52:22.123743+00	2022-09-20 10:52:22.123743+00	\N	4	10
9	тестування на клієнта	A	2022-09-21 10:57:07.986069+00	2022-09-21 10:57:07.986069+00	\N	2	10
10	тестування на клієнта 2	A	2022-09-21 10:57:55.063569+00	2022-09-21 10:57:55.063569+00	\N	2	10
\.


--
-- TOC entry 3726 (class 0 OID 17598)
-- Dependencies: 263
-- Data for Name: triangle_post; Type: TABLE DATA; Schema: public; Owner: postgres
--

COPY public.triangle_post (id, slug, name, description, photo, likes, time_create) FROM stdin;
1	pershii_post	перший пост	Великий текст поста	photos/posts/post_1.jpg	0	2022-08-31 08:18:04.311122+00
2	advanced_business_cards_design	Advanced business cards design	Lorem Ipsum is simply dummy text of the printing and typesetting industry. Lorem Ipsum has been the industry's standard dummy text ever since the 1500s, when an unknown printer took a galley of type and scrambled it to make a type specimen book. It has survived not only five centuries, but also the leap into electronic typesetting, remaining essentially unchanged. It was popularised in the 1960s with the release of Letraset sheets containing Lorem Ipsum passages, and more recently with desktop publishing software like Aldus PageMaker including versions of Lorem Ipsum.\nThere are many variations of passages of Lorem Ipsum available, but the majority have suffered alteration in some form, by injected humour, or randomised words which don't look even slightly believable. If you are going to use a passage of Lorem Ipsum, you need to be sure there isn't anything embarrassing hidden in the middle of text. All the Lorem Ipsum generators on the Internet tend to repeat predefined chunks as necessary, making this the first true generator on the Internet. It uses a dictionary of over 200 Latin words, combined with a handful of model sentence structures, to generate Lorem Ipsum which looks reasonable. The generated Lorem Ipsum is therefore always free from repetition, injected humour, or non-characteristic words etc It is a long established fact that a reader will be distracted by the readable content of a page when looking at its layout. The point of using Lorem Ipsum is that it has a more-or-less normal distribution of letters, as opposed to using 'Content here, content here', making it look like readable English.	photos/posts/post_2.jpg	234	2022-08-31 18:32:59.350779+00
3	advanced_business_cards_design_1	Advanced business cards design 1	Lorem Ipsum is simply dummy text of the printing and typesetting industry. Lorem Ipsum has been the industry's standard dummy text ever since the 1500s, when an unknown printer took a galley of type and scrambled it to make a type specimen book. It has survived not only five centuries, but also the leap into electronic typesetting, remaining essentially unchanged. It was popularised in the 1960s with the release of Letraset sheets containing Lorem Ipsum passages, and more recently with desktop publishing software like Aldus PageMaker including versions of Lorem Ipsum.\nThere are many variations of passages of Lorem Ipsum available, but the majority have suffered alteration in some form, by injected humour, or randomised words which don't look even slightly believable. If you are going to use a passage of Lorem Ipsum, you need to be sure there isn't anything embarrassing hidden in the middle of text. All the Lorem Ipsum generators on the Internet tend to repeat predefined chunks as necessary, making this the first true generator on the Internet. It uses a dictionary of over 200 Latin words, combined with a handful of model sentence structures, to generate Lorem Ipsum which looks reasonable. The generated Lorem Ipsum is therefore always free from repetition, injected humour, or non-characteristic words etc It is a long established fact that a reader will be distracted by the readable content of a page when looking at its layout. The point of using Lorem Ipsum is that it has a more-or-less normal distribution of letters, as opposed to using 'Content here, content here', making it look like readable English.	photos/posts/post_3.jpg	24	2022-08-31 18:33:04.632788+00
4	advanced_business_cards_design_2	Advanced business cards design 2	Lorem Ipsum is simply dummy text of the printing and typesetting industry. Lorem Ipsum has been the industry's standard dummy text ever since the 1500s, when an unknown printer took a galley of type and scrambled it to make a type specimen book. It has survived not only five centuries, but also the leap into electronic typesetting, remaining essentially unchanged. It was popularised in the 1960s with the release of Letraset sheets containing Lorem Ipsum passages, and more recently with desktop publishing software like Aldus PageMaker including versions of Lorem Ipsum.\nThere are many variations of passages of Lorem Ipsum available, but the majority have suffered alteration in some form, by injected humour, or randomised words which don't look even slightly believable. If you are going to use a passage of Lorem Ipsum, you need to be sure there isn't anything embarrassing hidden in the middle of text. All the Lorem Ipsum generators on the Internet tend to repeat predefined chunks as necessary, making this the first true generator on the Internet. It uses a dictionary of over 200 Latin words, combined with a handful of model sentence structures, to generate Lorem Ipsum which looks reasonable. The generated Lorem Ipsum is therefore always free from repetition, injected humour, or non-characteristic words etc It is a long established fact that a reader will be distracted by the readable content of a page when looking at its layout. The point of using Lorem Ipsum is that it has a more-or-less normal distribution of letters, as opposed to using 'Content here, content here', making it look like readable English.	photos/posts/post_4.jpg	24	2022-08-31 18:33:07.535631+00
5	advanced_business_cards_design_3	Advanced business cards design 3	Lorem Ipsum is simply dummy text of the printing and typesetting industry. Lorem Ipsum has been the industry's standard dummy text ever since the 1500s, when an unknown printer took a galley of type and scrambled it to make a type specimen book. It has survived not only five centuries, but also the leap into electronic typesetting, remaining essentially unchanged. It was popularised in the 1960s with the release of Letraset sheets containing Lorem Ipsum passages, and more recently with desktop publishing software like Aldus PageMaker including versions of Lorem Ipsum.\nThere are many variations of passages of Lorem Ipsum available, but the majority have suffered alteration in some form, by injected humour, or randomised words which don't look even slightly believable. If you are going to use a passage of Lorem Ipsum, you need to be sure there isn't anything embarrassing hidden in the middle of text. All the Lorem Ipsum generators on the Internet tend to repeat predefined chunks as necessary, making this the first true generator on the Internet. It uses a dictionary of over 200 Latin words, combined with a handful of model sentence structures, to generate Lorem Ipsum which looks reasonable. The generated Lorem Ipsum is therefore always free from repetition, injected humour, or non-characteristic words etc It is a long established fact that a reader will be distracted by the readable content of a page when looking at its layout. The point of using Lorem Ipsum is that it has a more-or-less normal distribution of letters, as opposed to using 'Content here, content here', making it look like readable English.	photos/posts/post_5.jpg	24	2022-08-31 18:33:10.718468+00
6	advanced_business_cards_design_4	Advanced business cards design 4	Lorem Ipsum is simply dummy text of the printing and typesetting industry. Lorem Ipsum has been the industry's standard dummy text ever since the 1500s, when an unknown printer took a galley of type and scrambled it to make a type specimen book. It has survived not only five centuries, but also the leap into electronic typesetting, remaining essentially unchanged. It was popularised in the 1960s with the release of Letraset sheets containing Lorem Ipsum passages, and more recently with desktop publishing software like Aldus PageMaker including versions of Lorem Ipsum.\nThere are many variations of passages of Lorem Ipsum available, but the majority have suffered alteration in some form, by injected humour, or randomised words which don't look even slightly believable. If you are going to use a passage of Lorem Ipsum, you need to be sure there isn't anything embarrassing hidden in the middle of text. All the Lorem Ipsum generators on the Internet tend to repeat predefined chunks as necessary, making this the first true generator on the Internet. It uses a dictionary of over 200 Latin words, combined with a handful of model sentence structures, to generate Lorem Ipsum which looks reasonable. The generated Lorem Ipsum is therefore always free from repetition, injected humour, or non-characteristic words etc It is a long established fact that a reader will be distracted by the readable content of a page when looking at its layout. The point of using Lorem Ipsum is that it has a more-or-less normal distribution of letters, as opposed to using 'Content here, content here', making it look like readable English.	photos/posts/post_6.jpg	24	2022-08-31 18:33:13.073491+00
\.


--
-- TOC entry 3728 (class 0 OID 17607)
-- Dependencies: 265
-- Data for Name: triangle_post_categories; Type: TABLE DATA; Schema: public; Owner: postgres
--

COPY public.triangle_post_categories (id, post_id, category_id) FROM stdin;
1	1	1
2	2	2
3	2	4
4	3	2
5	3	5
6	4	2
7	4	3
8	4	4
9	4	5
10	5	3
11	5	5
12	6	2
13	6	4
\.


--
-- TOC entry 3730 (class 0 OID 17613)
-- Dependencies: 267
-- Data for Name: triangle_post_tags; Type: TABLE DATA; Schema: public; Owner: postgres
--

COPY public.triangle_post_tags (id, post_id, tag_id) FROM stdin;
1	1	1
2	2	2
3	2	3
4	2	4
5	2	5
6	3	2
7	3	3
8	3	4
9	4	2
10	4	3
11	5	3
12	6	2
13	6	3
14	6	5
\.


--
-- TOC entry 3696 (class 0 OID 17286)
-- Dependencies: 233
-- Data for Name: triangle_pricing; Type: TABLE DATA; Schema: public; Owner: postgres
--

COPY public.triangle_pricing (id, name, price, tilda, word_press, open_cart, custom_development, google_analytics, time_create, time_update) FROM stdin;
1	simple offer	3456	t	t	t	f	f	2022-08-30 16:28:37.725141+00	2022-08-30 16:28:37.725141+00
2	Basic Plan	29	t	f	f	t	f	2022-08-31 17:50:43.350548+00	2022-08-31 17:50:43.350548+00
3	Silver Plan	89	t	f	f	t	f	2022-08-31 17:50:45.977531+00	2022-08-31 17:50:45.977531+00
4	Glod Plan	129	t	t	t	t	f	2022-08-31 17:50:48.445301+00	2022-08-31 17:50:48.445301+00
5	Platinum Plan	169	t	t	t	t	t	2022-08-31 17:50:50.793797+00	2022-08-31 17:50:50.793797+00
6	Platinum Plan ++	200	t	t	t	t	t	2022-08-31 17:50:53.301189+00	2022-08-31 17:50:53.301189+00
\.


--
-- TOC entry 3712 (class 0 OID 17399)
-- Dependencies: 249
-- Data for Name: triangle_project; Type: TABLE DATA; Schema: public; Owner: postgres
--

COPY public.triangle_project (id, slug, name, description, time_create, photo_big, photo_small, is_top) FROM stdin;
2	sailing_vivamus	Sailing Vivamus	Project Info\nLorem ipsum dolor sit amet, consectetur adipiscing elit. Sed tempus nibh sed elimttis adipiscing. Fusce in hendrerit purus. Suspendisse potenti. Proin quis eros odio, dapibus dictum mauris. Donec nisi libero, adipiscing id pretium eget, consectetur sit amet leo. Nam at eros quis mi egestas fringilla non nec purus.	2022-08-31 18:04:56.624356+00	photos/projects/big/project_2.jpg	photos/projects/small/project_2.jpg	f
3	sailing_vivamus_1	Sailing Vivamus 1	Project Info\nLorem ipsum dolor sit amet, consectetur adipiscing elit. Sed tempus nibh sed elimttis adipiscing. Fusce in hendrerit purus. Suspendisse potenti. Proin quis eros odio, dapibus dictum mauris. Donec nisi libero, adipiscing id pretium eget, consectetur sit amet leo. Nam at eros quis mi egestas fringilla non nec purus.	2022-08-31 18:04:59.559143+00	photos/projects/big/project_3.jpg	photos/projects/small/project_3.jpg	f
4	sailing_vivamus_2	Sailing Vivamus 2	Project Info\nLorem ipsum dolor sit amet, consectetur adipiscing elit. Sed tempus nibh sed elimttis adipiscing. Fusce in hendrerit purus. Suspendisse potenti. Proin quis eros odio, dapibus dictum mauris. Donec nisi libero, adipiscing id pretium eget, consectetur sit amet leo. Nam at eros quis mi egestas fringilla non nec purus.	2022-08-31 18:05:02.489603+00	photos/projects/big/project_4.jpg	photos/projects/small/project_4.jpg	f
5	sailing_vivamus_3	Sailing Vivamus 3	Project Info\nLorem ipsum dolor sit amet, consectetur adipiscing elit. Sed tempus nibh sed elimttis adipiscing. Fusce in hendrerit purus. Suspendisse potenti. Proin quis eros odio, dapibus dictum mauris. Donec nisi libero, adipiscing id pretium eget, consectetur sit amet leo. Nam at eros quis mi egestas fringilla non nec purus.	2022-08-31 18:05:04.818127+00	photos/projects/big/project_5.jpg	photos/projects/small/project_5.jpg	f
6	sailing_vivamus_4	Sailing Vivamus 4	Project Info\nLorem ipsum dolor sit amet, consectetur adipiscing elit. Sed tempus nibh sed elimttis adipiscing. Fusce in hendrerit purus. Suspendisse potenti. Proin quis eros odio, dapibus dictum mauris. Donec nisi libero, adipiscing id pretium eget, consectetur sit amet leo. Nam at eros quis mi egestas fringilla non nec purus.	2022-08-31 18:05:07.70553+00	photos/projects/big/project_6.jpg	photos/projects/small/project_6.jpg	f
7	sailing_vivamus_5	Sailing Vivamus 5	Project Info\nLorem ipsum dolor sit amet, consectetur adipiscing elit. Sed tempus nibh sed elimttis adipiscing. Fusce in hendrerit purus. Suspendisse potenti. Proin quis eros odio, dapibus dictum mauris. Donec nisi libero, adipiscing id pretium eget, consectetur sit amet leo. Nam at eros quis mi egestas fringilla non nec purus.	2022-08-31 18:05:10.582831+00	photos/projects/big/project_7.jpg	photos/projects/small/project_7.jpg	f
8	sailing_vivamus_6	Sailing Vivamus 6	Project Info\nLorem ipsum dolor sit amet, consectetur adipiscing elit. Sed tempus nibh sed elimttis adipiscing. Fusce in hendrerit purus. Suspendisse potenti. Proin quis eros odio, dapibus dictum mauris. Donec nisi libero, adipiscing id pretium eget, consectetur sit amet leo. Nam at eros quis mi egestas fringilla non nec purus.	2022-08-31 18:05:13.653743+00	photos/projects/big/project_8.jpg	photos/projects/small/project_8.jpg	f
9	sailing_vivamus_7	Sailing Vivamus 7	Project Info\nLorem ipsum dolor sit amet, consectetur adipiscing elit. Sed tempus nibh sed elimttis adipiscing. Fusce in hendrerit purus. Suspendisse potenti. Proin quis eros odio, dapibus dictum mauris. Donec nisi libero, adipiscing id pretium eget, consectetur sit amet leo. Nam at eros quis mi egestas fringilla non nec purus.	2022-08-31 18:05:16.746163+00	photos/projects/big/project_9.jpg	photos/projects/small/project_9.jpg	f
1	project_1	Проект 1	великий опис проекта 1	2022-08-30 17:08:47.040585+00	photos/projects/big/project_1.jpg	photos/projects/small/project_1.jpg	f
\.


--
-- TOC entry 3714 (class 0 OID 17407)
-- Dependencies: 251
-- Data for Name: triangle_project_client; Type: TABLE DATA; Schema: public; Owner: postgres
--

COPY public.triangle_project_client (id, project_id, user_id) FROM stdin;
1	1	1
2	2	2
3	3	3
4	4	4
5	5	3
6	6	3
7	7	4
8	8	2
9	9	5
\.


--
-- TOC entry 3716 (class 0 OID 17413)
-- Dependencies: 253
-- Data for Name: triangle_project_projects; Type: TABLE DATA; Schema: public; Owner: postgres
--

COPY public.triangle_project_projects (id, from_project_id, to_project_id) FROM stdin;
1	2	3
2	2	4
3	2	5
4	2	6
5	3	2
6	3	3
7	3	6
8	4	2
9	4	3
10	4	6
11	4	7
12	5	7
13	6	9
14	6	2
15	6	7
16	7	9
17	7	4
18	7	5
19	9	8
20	1	1
\.


--
-- TOC entry 3718 (class 0 OID 17419)
-- Dependencies: 255
-- Data for Name: triangle_project_sections; Type: TABLE DATA; Schema: public; Owner: postgres
--

COPY public.triangle_project_sections (id, project_id, section_id) FROM stdin;
1	1	1
2	2	2
3	2	6
4	3	3
5	3	4
6	3	7
7	4	8
8	5	8
9	5	2
10	5	3
11	6	2
12	6	3
13	6	4
14	6	5
15	6	6
16	6	7
17	6	8
18	6	9
19	7	2
20	7	5
21	7	6
22	8	2
23	8	5
24	9	8
25	9	2
26	9	5
\.


--
-- TOC entry 3720 (class 0 OID 17425)
-- Dependencies: 257
-- Data for Name: triangle_project_skills; Type: TABLE DATA; Schema: public; Owner: postgres
--

COPY public.triangle_project_skills (id, project_id, skill_id) FROM stdin;
1	1	1
2	2	2
3	2	3
4	2	4
5	2	5
6	3	2
7	3	3
8	3	4
9	3	7
10	4	4
11	4	7
12	5	9
13	5	4
14	5	7
15	6	9
16	6	2
17	6	4
18	6	7
19	7	3
20	7	5
21	7	6
22	8	8
23	8	3
24	8	5
25	8	6
26	9	2
27	9	3
28	1	2
\.


--
-- TOC entry 3702 (class 0 OID 17309)
-- Dependencies: 239
-- Data for Name: triangle_response; Type: TABLE DATA; Schema: public; Owner: postgres
--

COPY public.triangle_response (id, text, time_create, user_id) FROM stdin;
1	великий текст відгука	2022-08-30 16:30:01.324758+00	1
2	Nisi commodo bresaola, leberkas venison eiusmod bacon occaecat labore tail.	2022-08-31 17:58:50.254155+00	6
3	Capicola nisi flank sed minim sunt aliqua rump pancetta leberkas venison eiusmod.	2022-08-31 17:58:52.289238+00	2
4	Capicola nisi flank sed minim sunt aliqua rump pancetta leberkas venison eiusmod 222345625473324765476235.	2022-08-31 17:58:56.00037+00	3
5	573837964873 Capicola nisi flank sed minim sunt aliqua rump pancetta leberkas venison eiusmod 222345625473324765476235.	2022-08-31 17:58:58.290614+00	3
6	hhhhhhhhhhhhhhhhhhhh	2022-09-15 09:52:26.526+00	4
10	08.10.2022	2022-10-08 10:17:18.507367+00	10
\.


--
-- TOC entry 3708 (class 0 OID 17387)
-- Dependencies: 245
-- Data for Name: triangle_section; Type: TABLE DATA; Schema: public; Owner: postgres
--

COPY public.triangle_section (id, slug, name, time_create) FROM stdin;
1	rozdil_1	Розділ 1	2022-08-30 17:06:48.583481+00
2	branded	Branded	2022-08-31 18:19:20.125984+00
3	design	Design	2022-08-31 18:19:22.657586+00
4	filio	Filio	2022-08-31 18:19:25.226773+00
5	logos	Logos	2022-08-31 18:19:28.100521+00
6	mobile	Modile	2022-08-31 18:19:30.271305+00
7	mockup	Mockup	2022-08-31 18:19:32.284357+00
8	mockup_1	mockup 1	2022-08-31 18:20:30.851498+00
9	mockup_2	mockup 2	2022-08-31 18:20:33.122553+00
\.


--
-- TOC entry 3698 (class 0 OID 17293)
-- Dependencies: 235
-- Data for Name: triangle_service; Type: TABLE DATA; Schema: public; Owner: postgres
--

COPY public.triangle_service (id, name, description, photo, time_create, is_top) FROM stdin;
6	Superior Typography_1	Hamburger ribeye drumstick turkey, strip steak sausage ground round shank pastrami beef brisket pancetta venison.	photos/services/service_5.png	2022-08-31 17:40:36.730829+00	f
7	Swift Page Builder_1	Venison tongue, salami corned beef ball tip meatloaf bacon. Fatback pork belly bresaola tenderloin bone pork kevin shankle.	photos/services/service_6.png	2022-08-31 17:40:59.27365+00	f
8	Incredibly Responsive_2	Ground round tenderloin flank shank ribeye. Hamkevin meatball swine. Cow shankle beef sirloin chicken ground round.	photos/services/service_7.png	2022-08-31 17:41:20.390768+00	f
1	Incredibly Responsive	Ground round tenderloin flank shank ribeye. Hamkevin meatball swine. Cow shankle beef sirloin chicken ground round.	photos/services/service_1.png	2022-08-31 17:38:56.324124+00	t
2	Superior Typography	Hamburger ribeye drumstick turkey, strip steak sausage ground round shank pastrami beef brisket pancetta venison.	photos/services/service_2.png	2022-08-31 17:38:59.913722+00	t
3	Swift Page Builder	Venison tongue, salami corned beef ball tip meatloaf bacon. Fatback pork belly bresaola tenderloin bone pork kevin shankle.	photos/services/service_3.png	2022-08-31 17:39:05.983457+00	t
5	Incredibly Responsive_1	Ground round tenderloin flank shank ribeye. Hamkevin meatball swine. Cow shankle beef sirloin chicken ground round.	photos/services/service_4.png	2022-08-31 17:40:04.129888+00	t
9	Swift Page Builder_2	Ground round tenderloin flank shank ribeye. Hamkevin meatball swine. Cow shankle beef sirloin chicken ground round.	photos/services/service_8.png	2022-08-31 17:41:39.174396+00	t
\.


--
-- TOC entry 3710 (class 0 OID 17393)
-- Dependencies: 247
-- Data for Name: triangle_skill; Type: TABLE DATA; Schema: public; Owner: postgres
--

COPY public.triangle_skill (id, slug, name, time_create) FROM stdin;
1	navichka_1	Навичка 1	2022-08-30 17:07:26.134459+00
3	html_css	html/css	2022-08-31 18:14:17.730404+00
4	javascript	javascript	2022-08-31 18:14:20.421435+00
5	backend	bachend	2022-08-31 18:14:22.991307+00
6	nodejs	nodejs	2022-08-31 18:14:26.544922+00
7	frontend	frontend	2022-08-31 18:14:29.032676+00
8	pathon_django	python/django	2022-08-31 18:14:31.719052+00
9	reatc_vue_angular	ract/vue/angular	2022-08-31 18:14:34.561325+00
2	design	design	2022-08-31 18:14:15.376723+00
\.


--
-- TOC entry 3724 (class 0 OID 17587)
-- Dependencies: 261
-- Data for Name: triangle_tag; Type: TABLE DATA; Schema: public; Owner: postgres
--

COPY public.triangle_tag (id, slug, name, time_create) FROM stdin;
1	tag_1	тег_1	2022-08-31 08:16:18.293548+00
2	corporate	Corporate	2022-08-31 18:41:03.434933+00
3	product	Product	2022-08-31 18:41:05.493301+00
4	business	Business	2022-08-31 18:41:07.934503+00
5	abstract	Abstract	2022-08-31 18:41:13.043602+00
\.


--
-- TOC entry 3700 (class 0 OID 17303)
-- Dependencies: 237
-- Data for Name: triangle_user; Type: TABLE DATA; Schema: public; Owner: postgres
--

COPY public.triangle_user (id, name, is_client, time_create, photo_big, photo_small, email, is_top, password) FROM stdin;
1	Peter Griphin	f	2022-08-30 16:26:45.089864+00	photos/users/big/user_1.png	photos/users/small/user_1.png	u	f	1111
2	Pete Griechenvald	t	2022-08-31 17:44:47.722514+00	photos/users/big/user_2.png	photos/users/small/user_2.png	u	f	1111
3	Kris Griphin	t	2022-08-31 17:44:50.684136+00	photos/users/big/user_3.png	photos/users/small/user_3.png	u	f	1111
4	Bilbo Beginson	t	2022-08-31 17:44:53.427224+00	photos/users/big/user_4.png	photos/users/small/user_4.png	u	f	1111
5	Ragnar Lodbrock	t	2022-08-31 17:44:56.46662+00	photos/users/big/user_5.png	photos/users/small/user_5.png	u	f	1111
6	Lila Taranga	f	2022-08-31 17:45:04.760465+00	photos/users/big/user_6.png	photos/users/small/user_6.png	u	f	1111
12	my name	f	2022-09-21 11:11:40.125561+00	photos/users/big/user_1111.png	photos/users/small/user_1111.png	111@mail.com	f	1111
10	my name	t	2022-09-19 11:06:12.782073+00	photos/users/big/photo_2022-01-04_17-34-28.jpg	photos/users/small/photo_2022-01-04_17-34-28.jpg	borodanvasil@gmail.com	f	1111
19	test_1	f	2023-04-20 12:00:39.433887+00			test_1@mail.com	f	1234567890
\.


--
-- TOC entry 3739 (class 0 OID 0)
-- Dependencies: 215
-- Name: auth_group_id_seq; Type: SEQUENCE SET; Schema: public; Owner: postgres
--

SELECT pg_catalog.setval('public.auth_group_id_seq', 1, false);


--
-- TOC entry 3740 (class 0 OID 0)
-- Dependencies: 217
-- Name: auth_group_permissions_id_seq; Type: SEQUENCE SET; Schema: public; Owner: postgres
--

SELECT pg_catalog.setval('public.auth_group_permissions_id_seq', 1, false);


--
-- TOC entry 3741 (class 0 OID 0)
-- Dependencies: 213
-- Name: auth_permission_id_seq; Type: SEQUENCE SET; Schema: public; Owner: postgres
--

SELECT pg_catalog.setval('public.auth_permission_id_seq', 92, true);


--
-- TOC entry 3742 (class 0 OID 0)
-- Dependencies: 221
-- Name: auth_user_groups_id_seq; Type: SEQUENCE SET; Schema: public; Owner: postgres
--

SELECT pg_catalog.setval('public.auth_user_groups_id_seq', 1, false);


--
-- TOC entry 3743 (class 0 OID 0)
-- Dependencies: 219
-- Name: auth_user_id_seq; Type: SEQUENCE SET; Schema: public; Owner: postgres
--

SELECT pg_catalog.setval('public.auth_user_id_seq', 2, true);


--
-- TOC entry 3744 (class 0 OID 0)
-- Dependencies: 223
-- Name: auth_user_user_permissions_id_seq; Type: SEQUENCE SET; Schema: public; Owner: postgres
--

SELECT pg_catalog.setval('public.auth_user_user_permissions_id_seq', 1, false);


--
-- TOC entry 3745 (class 0 OID 0)
-- Dependencies: 268
-- Name: captcha_captchastore_id_seq; Type: SEQUENCE SET; Schema: public; Owner: postgres
--

SELECT pg_catalog.setval('public.captcha_captchastore_id_seq', 51, true);


--
-- TOC entry 3746 (class 0 OID 0)
-- Dependencies: 225
-- Name: django_admin_log_id_seq; Type: SEQUENCE SET; Schema: public; Owner: postgres
--

SELECT pg_catalog.setval('public.django_admin_log_id_seq', 5, true);


--
-- TOC entry 3747 (class 0 OID 0)
-- Dependencies: 211
-- Name: django_content_type_id_seq; Type: SEQUENCE SET; Schema: public; Owner: postgres
--

SELECT pg_catalog.setval('public.django_content_type_id_seq', 23, true);


--
-- TOC entry 3748 (class 0 OID 0)
-- Dependencies: 209
-- Name: django_migrations_id_seq; Type: SEQUENCE SET; Schema: public; Owner: postgres
--

SELECT pg_catalog.setval('public.django_migrations_id_seq', 38, true);


--
-- TOC entry 3749 (class 0 OID 0)
-- Dependencies: 258
-- Name: triangle_category_id_seq; Type: SEQUENCE SET; Schema: public; Owner: postgres
--

SELECT pg_catalog.setval('public.triangle_category_id_seq', 5, true);


--
-- TOC entry 3750 (class 0 OID 0)
-- Dependencies: 242
-- Name: triangle_comment_id_seq; Type: SEQUENCE SET; Schema: public; Owner: postgres
--

SELECT pg_catalog.setval('public.triangle_comment_id_seq', 36, true);


--
-- TOC entry 3751 (class 0 OID 0)
-- Dependencies: 228
-- Name: triangle_employee_id_seq; Type: SEQUENCE SET; Schema: public; Owner: postgres
--

SELECT pg_catalog.setval('public.triangle_employee_id_seq', 6, true);


--
-- TOC entry 3752 (class 0 OID 0)
-- Dependencies: 230
-- Name: triangle_message_id_seq; Type: SEQUENCE SET; Schema: public; Owner: postgres
--

SELECT pg_catalog.setval('public.triangle_message_id_seq', 11, true);


--
-- TOC entry 3753 (class 0 OID 0)
-- Dependencies: 240
-- Name: triangle_order_id_seq; Type: SEQUENCE SET; Schema: public; Owner: postgres
--

SELECT pg_catalog.setval('public.triangle_order_id_seq', 10, true);


--
-- TOC entry 3754 (class 0 OID 0)
-- Dependencies: 264
-- Name: triangle_post_categories_id_seq; Type: SEQUENCE SET; Schema: public; Owner: postgres
--

SELECT pg_catalog.setval('public.triangle_post_categories_id_seq', 14, true);


--
-- TOC entry 3755 (class 0 OID 0)
-- Dependencies: 262
-- Name: triangle_post_id_seq; Type: SEQUENCE SET; Schema: public; Owner: postgres
--

SELECT pg_catalog.setval('public.triangle_post_id_seq', 6, true);


--
-- TOC entry 3756 (class 0 OID 0)
-- Dependencies: 266
-- Name: triangle_post_tags_id_seq; Type: SEQUENCE SET; Schema: public; Owner: postgres
--

SELECT pg_catalog.setval('public.triangle_post_tags_id_seq', 14, true);


--
-- TOC entry 3757 (class 0 OID 0)
-- Dependencies: 232
-- Name: triangle_pricing_id_seq; Type: SEQUENCE SET; Schema: public; Owner: postgres
--

SELECT pg_catalog.setval('public.triangle_pricing_id_seq', 6, true);


--
-- TOC entry 3758 (class 0 OID 0)
-- Dependencies: 250
-- Name: triangle_project_client_id_seq; Type: SEQUENCE SET; Schema: public; Owner: postgres
--

SELECT pg_catalog.setval('public.triangle_project_client_id_seq', 9, true);


--
-- TOC entry 3759 (class 0 OID 0)
-- Dependencies: 248
-- Name: triangle_project_id_seq; Type: SEQUENCE SET; Schema: public; Owner: postgres
--

SELECT pg_catalog.setval('public.triangle_project_id_seq', 9, true);


--
-- TOC entry 3760 (class 0 OID 0)
-- Dependencies: 252
-- Name: triangle_project_projects_id_seq; Type: SEQUENCE SET; Schema: public; Owner: postgres
--

SELECT pg_catalog.setval('public.triangle_project_projects_id_seq', 20, true);


--
-- TOC entry 3761 (class 0 OID 0)
-- Dependencies: 254
-- Name: triangle_project_sections_id_seq; Type: SEQUENCE SET; Schema: public; Owner: postgres
--

SELECT pg_catalog.setval('public.triangle_project_sections_id_seq', 26, true);


--
-- TOC entry 3762 (class 0 OID 0)
-- Dependencies: 256
-- Name: triangle_project_skills_id_seq; Type: SEQUENCE SET; Schema: public; Owner: postgres
--

SELECT pg_catalog.setval('public.triangle_project_skills_id_seq', 28, true);


--
-- TOC entry 3763 (class 0 OID 0)
-- Dependencies: 238
-- Name: triangle_response_id_seq; Type: SEQUENCE SET; Schema: public; Owner: postgres
--

SELECT pg_catalog.setval('public.triangle_response_id_seq', 10, true);


--
-- TOC entry 3764 (class 0 OID 0)
-- Dependencies: 244
-- Name: triangle_section_id_seq; Type: SEQUENCE SET; Schema: public; Owner: postgres
--

SELECT pg_catalog.setval('public.triangle_section_id_seq', 9, true);


--
-- TOC entry 3765 (class 0 OID 0)
-- Dependencies: 234
-- Name: triangle_service_id_seq; Type: SEQUENCE SET; Schema: public; Owner: postgres
--

SELECT pg_catalog.setval('public.triangle_service_id_seq', 9, true);


--
-- TOC entry 3766 (class 0 OID 0)
-- Dependencies: 246
-- Name: triangle_skill_id_seq; Type: SEQUENCE SET; Schema: public; Owner: postgres
--

SELECT pg_catalog.setval('public.triangle_skill_id_seq', 9, true);


--
-- TOC entry 3767 (class 0 OID 0)
-- Dependencies: 260
-- Name: triangle_tag_id_seq; Type: SEQUENCE SET; Schema: public; Owner: postgres
--

SELECT pg_catalog.setval('public.triangle_tag_id_seq', 5, true);


--
-- TOC entry 3768 (class 0 OID 0)
-- Dependencies: 236
-- Name: triangle_user_id_seq; Type: SEQUENCE SET; Schema: public; Owner: postgres
--

SELECT pg_catalog.setval('public.triangle_user_id_seq', 19, true);


--
-- TOC entry 3332 (class 2606 OID 17250)
-- Name: auth_group auth_group_name_key; Type: CONSTRAINT; Schema: public; Owner: postgres
--

ALTER TABLE ONLY public.auth_group
    ADD CONSTRAINT auth_group_name_key UNIQUE (name);


--
-- TOC entry 3337 (class 2606 OID 17181)
-- Name: auth_group_permissions auth_group_permissions_group_id_permission_id_0cd325b0_uniq; Type: CONSTRAINT; Schema: public; Owner: postgres
--

ALTER TABLE ONLY public.auth_group_permissions
    ADD CONSTRAINT auth_group_permissions_group_id_permission_id_0cd325b0_uniq UNIQUE (group_id, permission_id);


--
-- TOC entry 3340 (class 2606 OID 17150)
-- Name: auth_group_permissions auth_group_permissions_pkey; Type: CONSTRAINT; Schema: public; Owner: postgres
--

ALTER TABLE ONLY public.auth_group_permissions
    ADD CONSTRAINT auth_group_permissions_pkey PRIMARY KEY (id);


--
-- TOC entry 3334 (class 2606 OID 17142)
-- Name: auth_group auth_group_pkey; Type: CONSTRAINT; Schema: public; Owner: postgres
--

ALTER TABLE ONLY public.auth_group
    ADD CONSTRAINT auth_group_pkey PRIMARY KEY (id);


--
-- TOC entry 3327 (class 2606 OID 17172)
-- Name: auth_permission auth_permission_content_type_id_codename_01ab375a_uniq; Type: CONSTRAINT; Schema: public; Owner: postgres
--

ALTER TABLE ONLY public.auth_permission
    ADD CONSTRAINT auth_permission_content_type_id_codename_01ab375a_uniq UNIQUE (content_type_id, codename);


--
-- TOC entry 3329 (class 2606 OID 17136)
-- Name: auth_permission auth_permission_pkey; Type: CONSTRAINT; Schema: public; Owner: postgres
--

ALTER TABLE ONLY public.auth_permission
    ADD CONSTRAINT auth_permission_pkey PRIMARY KEY (id);


--
-- TOC entry 3348 (class 2606 OID 17164)
-- Name: auth_user_groups auth_user_groups_pkey; Type: CONSTRAINT; Schema: public; Owner: postgres
--

ALTER TABLE ONLY public.auth_user_groups
    ADD CONSTRAINT auth_user_groups_pkey PRIMARY KEY (id);


--
-- TOC entry 3351 (class 2606 OID 17196)
-- Name: auth_user_groups auth_user_groups_user_id_group_id_94350c0c_uniq; Type: CONSTRAINT; Schema: public; Owner: postgres
--

ALTER TABLE ONLY public.auth_user_groups
    ADD CONSTRAINT auth_user_groups_user_id_group_id_94350c0c_uniq UNIQUE (user_id, group_id);


--
-- TOC entry 3342 (class 2606 OID 17156)
-- Name: auth_user auth_user_pkey; Type: CONSTRAINT; Schema: public; Owner: postgres
--

ALTER TABLE ONLY public.auth_user
    ADD CONSTRAINT auth_user_pkey PRIMARY KEY (id);


--
-- TOC entry 3354 (class 2606 OID 17170)
-- Name: auth_user_user_permissions auth_user_user_permissions_pkey; Type: CONSTRAINT; Schema: public; Owner: postgres
--

ALTER TABLE ONLY public.auth_user_user_permissions
    ADD CONSTRAINT auth_user_user_permissions_pkey PRIMARY KEY (id);


--
-- TOC entry 3357 (class 2606 OID 17210)
-- Name: auth_user_user_permissions auth_user_user_permissions_user_id_permission_id_14a6b632_uniq; Type: CONSTRAINT; Schema: public; Owner: postgres
--

ALTER TABLE ONLY public.auth_user_user_permissions
    ADD CONSTRAINT auth_user_user_permissions_user_id_permission_id_14a6b632_uniq UNIQUE (user_id, permission_id);


--
-- TOC entry 3345 (class 2606 OID 17245)
-- Name: auth_user auth_user_username_key; Type: CONSTRAINT; Schema: public; Owner: postgres
--

ALTER TABLE ONLY public.auth_user
    ADD CONSTRAINT auth_user_username_key UNIQUE (username);


--
-- TOC entry 3502 (class 2606 OID 25879)
-- Name: authtoken_token authtoken_token_pkey; Type: CONSTRAINT; Schema: public; Owner: postgres
--

ALTER TABLE ONLY public.authtoken_token
    ADD CONSTRAINT authtoken_token_pkey PRIMARY KEY (key);


--
-- TOC entry 3504 (class 2606 OID 25881)
-- Name: authtoken_token authtoken_token_user_id_key; Type: CONSTRAINT; Schema: public; Owner: postgres
--

ALTER TABLE ONLY public.authtoken_token
    ADD CONSTRAINT authtoken_token_user_id_key UNIQUE (user_id);


--
-- TOC entry 3497 (class 2606 OID 25866)
-- Name: captcha_captchastore captcha_captchastore_hashkey_key; Type: CONSTRAINT; Schema: public; Owner: postgres
--

ALTER TABLE ONLY public.captcha_captchastore
    ADD CONSTRAINT captcha_captchastore_hashkey_key UNIQUE (hashkey);


--
-- TOC entry 3499 (class 2606 OID 25864)
-- Name: captcha_captchastore captcha_captchastore_pkey; Type: CONSTRAINT; Schema: public; Owner: postgres
--

ALTER TABLE ONLY public.captcha_captchastore
    ADD CONSTRAINT captcha_captchastore_pkey PRIMARY KEY (id);


--
-- TOC entry 3360 (class 2606 OID 17231)
-- Name: django_admin_log django_admin_log_pkey; Type: CONSTRAINT; Schema: public; Owner: postgres
--

ALTER TABLE ONLY public.django_admin_log
    ADD CONSTRAINT django_admin_log_pkey PRIMARY KEY (id);


--
-- TOC entry 3322 (class 2606 OID 17130)
-- Name: django_content_type django_content_type_app_label_model_76bd3d3b_uniq; Type: CONSTRAINT; Schema: public; Owner: postgres
--

ALTER TABLE ONLY public.django_content_type
    ADD CONSTRAINT django_content_type_app_label_model_76bd3d3b_uniq UNIQUE (app_label, model);


--
-- TOC entry 3324 (class 2606 OID 17128)
-- Name: django_content_type django_content_type_pkey; Type: CONSTRAINT; Schema: public; Owner: postgres
--

ALTER TABLE ONLY public.django_content_type
    ADD CONSTRAINT django_content_type_pkey PRIMARY KEY (id);


--
-- TOC entry 3320 (class 2606 OID 17122)
-- Name: django_migrations django_migrations_pkey; Type: CONSTRAINT; Schema: public; Owner: postgres
--

ALTER TABLE ONLY public.django_migrations
    ADD CONSTRAINT django_migrations_pkey PRIMARY KEY (id);


--
-- TOC entry 3364 (class 2606 OID 17258)
-- Name: django_session django_session_pkey; Type: CONSTRAINT; Schema: public; Owner: postgres
--

ALTER TABLE ONLY public.django_session
    ADD CONSTRAINT django_session_pkey PRIMARY KEY (session_key);


--
-- TOC entry 3461 (class 2606 OID 17664)
-- Name: triangle_category triangle_category_name_43284652_uniq; Type: CONSTRAINT; Schema: public; Owner: postgres
--

ALTER TABLE ONLY public.triangle_category
    ADD CONSTRAINT triangle_category_name_43284652_uniq UNIQUE (name);


--
-- TOC entry 3463 (class 2606 OID 17585)
-- Name: triangle_category triangle_category_pkey; Type: CONSTRAINT; Schema: public; Owner: postgres
--

ALTER TABLE ONLY public.triangle_category
    ADD CONSTRAINT triangle_category_pkey PRIMARY KEY (id);


--
-- TOC entry 3466 (class 2606 OID 17667)
-- Name: triangle_category triangle_category_slug_55e6ed33_uniq; Type: CONSTRAINT; Schema: public; Owner: postgres
--

ALTER TABLE ONLY public.triangle_category
    ADD CONSTRAINT triangle_category_slug_55e6ed33_uniq UNIQUE (slug);


--
-- TOC entry 3408 (class 2606 OID 17331)
-- Name: triangle_comment triangle_comment_pkey; Type: CONSTRAINT; Schema: public; Owner: postgres
--

ALTER TABLE ONLY public.triangle_comment
    ADD CONSTRAINT triangle_comment_pkey PRIMARY KEY (id);


--
-- TOC entry 3368 (class 2606 OID 17274)
-- Name: triangle_employee triangle_employee_email_key; Type: CONSTRAINT; Schema: public; Owner: postgres
--

ALTER TABLE ONLY public.triangle_employee
    ADD CONSTRAINT triangle_employee_email_key UNIQUE (email);


--
-- TOC entry 3371 (class 2606 OID 17270)
-- Name: triangle_employee triangle_employee_facebook_key; Type: CONSTRAINT; Schema: public; Owner: postgres
--

ALTER TABLE ONLY public.triangle_employee
    ADD CONSTRAINT triangle_employee_facebook_key UNIQUE (facebook);


--
-- TOC entry 3373 (class 2606 OID 17268)
-- Name: triangle_employee triangle_employee_pkey; Type: CONSTRAINT; Schema: public; Owner: postgres
--

ALTER TABLE ONLY public.triangle_employee
    ADD CONSTRAINT triangle_employee_pkey PRIMARY KEY (id);


--
-- TOC entry 3376 (class 2606 OID 17272)
-- Name: triangle_employee triangle_employee_twitter_key; Type: CONSTRAINT; Schema: public; Owner: postgres
--

ALTER TABLE ONLY public.triangle_employee
    ADD CONSTRAINT triangle_employee_twitter_key UNIQUE (twitter);


--
-- TOC entry 3380 (class 2606 OID 17282)
-- Name: triangle_message triangle_message_pkey; Type: CONSTRAINT; Schema: public; Owner: postgres
--

ALTER TABLE ONLY public.triangle_message
    ADD CONSTRAINT triangle_message_pkey PRIMARY KEY (id);


--
-- TOC entry 3401 (class 2606 OID 17323)
-- Name: triangle_order triangle_order_pkey; Type: CONSTRAINT; Schema: public; Owner: postgres
--

ALTER TABLE ONLY public.triangle_order
    ADD CONSTRAINT triangle_order_pkey PRIMARY KEY (id);


--
-- TOC entry 3485 (class 2606 OID 17611)
-- Name: triangle_post_categories triangle_post_categories_pkey; Type: CONSTRAINT; Schema: public; Owner: postgres
--

ALTER TABLE ONLY public.triangle_post_categories
    ADD CONSTRAINT triangle_post_categories_pkey PRIMARY KEY (id);


--
-- TOC entry 3487 (class 2606 OID 17630)
-- Name: triangle_post_categories triangle_post_categories_post_id_category_id_1e0a6921_uniq; Type: CONSTRAINT; Schema: public; Owner: postgres
--

ALTER TABLE ONLY public.triangle_post_categories
    ADD CONSTRAINT triangle_post_categories_post_id_category_id_1e0a6921_uniq UNIQUE (post_id, category_id);


--
-- TOC entry 3477 (class 2606 OID 17670)
-- Name: triangle_post triangle_post_name_5a453829_uniq; Type: CONSTRAINT; Schema: public; Owner: postgres
--

ALTER TABLE ONLY public.triangle_post
    ADD CONSTRAINT triangle_post_name_5a453829_uniq UNIQUE (name);


--
-- TOC entry 3479 (class 2606 OID 17605)
-- Name: triangle_post triangle_post_pkey; Type: CONSTRAINT; Schema: public; Owner: postgres
--

ALTER TABLE ONLY public.triangle_post
    ADD CONSTRAINT triangle_post_pkey PRIMARY KEY (id);


--
-- TOC entry 3482 (class 2606 OID 17673)
-- Name: triangle_post triangle_post_slug_096cfe38_uniq; Type: CONSTRAINT; Schema: public; Owner: postgres
--

ALTER TABLE ONLY public.triangle_post
    ADD CONSTRAINT triangle_post_slug_096cfe38_uniq UNIQUE (slug);


--
-- TOC entry 3490 (class 2606 OID 17617)
-- Name: triangle_post_tags triangle_post_tags_pkey; Type: CONSTRAINT; Schema: public; Owner: postgres
--

ALTER TABLE ONLY public.triangle_post_tags
    ADD CONSTRAINT triangle_post_tags_pkey PRIMARY KEY (id);


--
-- TOC entry 3493 (class 2606 OID 17644)
-- Name: triangle_post_tags triangle_post_tags_post_id_tag_id_2524bd1b_uniq; Type: CONSTRAINT; Schema: public; Owner: postgres
--

ALTER TABLE ONLY public.triangle_post_tags
    ADD CONSTRAINT triangle_post_tags_post_id_tag_id_2524bd1b_uniq UNIQUE (post_id, tag_id);


--
-- TOC entry 3385 (class 2606 OID 17676)
-- Name: triangle_pricing triangle_pricing_name_c9ec04f6_uniq; Type: CONSTRAINT; Schema: public; Owner: postgres
--

ALTER TABLE ONLY public.triangle_pricing
    ADD CONSTRAINT triangle_pricing_name_c9ec04f6_uniq UNIQUE (name);


--
-- TOC entry 3387 (class 2606 OID 17291)
-- Name: triangle_pricing triangle_pricing_pkey; Type: CONSTRAINT; Schema: public; Owner: postgres
--

ALTER TABLE ONLY public.triangle_pricing
    ADD CONSTRAINT triangle_pricing_pkey PRIMARY KEY (id);


--
-- TOC entry 3436 (class 2606 OID 17411)
-- Name: triangle_project_client triangle_project_client_pkey; Type: CONSTRAINT; Schema: public; Owner: postgres
--

ALTER TABLE ONLY public.triangle_project_client
    ADD CONSTRAINT triangle_project_client_pkey PRIMARY KEY (id);


--
-- TOC entry 3439 (class 2606 OID 17439)
-- Name: triangle_project_client triangle_project_client_project_id_user_id_da4d216b_uniq; Type: CONSTRAINT; Schema: public; Owner: postgres
--

ALTER TABLE ONLY public.triangle_project_client
    ADD CONSTRAINT triangle_project_client_project_id_user_id_da4d216b_uniq UNIQUE (project_id, user_id);


--
-- TOC entry 3429 (class 2606 OID 17679)
-- Name: triangle_project triangle_project_name_508c679b_uniq; Type: CONSTRAINT; Schema: public; Owner: postgres
--

ALTER TABLE ONLY public.triangle_project
    ADD CONSTRAINT triangle_project_name_508c679b_uniq UNIQUE (name);


--
-- TOC entry 3431 (class 2606 OID 17405)
-- Name: triangle_project triangle_project_pkey; Type: CONSTRAINT; Schema: public; Owner: postgres
--

ALTER TABLE ONLY public.triangle_project
    ADD CONSTRAINT triangle_project_pkey PRIMARY KEY (id);


--
-- TOC entry 3442 (class 2606 OID 17453)
-- Name: triangle_project_projects triangle_project_project_from_project_id_to_proje_e2912d2f_uniq; Type: CONSTRAINT; Schema: public; Owner: postgres
--

ALTER TABLE ONLY public.triangle_project_projects
    ADD CONSTRAINT triangle_project_project_from_project_id_to_proje_e2912d2f_uniq UNIQUE (from_project_id, to_project_id);


--
-- TOC entry 3445 (class 2606 OID 17417)
-- Name: triangle_project_projects triangle_project_projects_pkey; Type: CONSTRAINT; Schema: public; Owner: postgres
--

ALTER TABLE ONLY public.triangle_project_projects
    ADD CONSTRAINT triangle_project_projects_pkey PRIMARY KEY (id);


--
-- TOC entry 3448 (class 2606 OID 17423)
-- Name: triangle_project_sections triangle_project_sections_pkey; Type: CONSTRAINT; Schema: public; Owner: postgres
--

ALTER TABLE ONLY public.triangle_project_sections
    ADD CONSTRAINT triangle_project_sections_pkey PRIMARY KEY (id);


--
-- TOC entry 3451 (class 2606 OID 17467)
-- Name: triangle_project_sections triangle_project_sections_project_id_section_id_7d377862_uniq; Type: CONSTRAINT; Schema: public; Owner: postgres
--

ALTER TABLE ONLY public.triangle_project_sections
    ADD CONSTRAINT triangle_project_sections_project_id_section_id_7d377862_uniq UNIQUE (project_id, section_id);


--
-- TOC entry 3454 (class 2606 OID 17429)
-- Name: triangle_project_skills triangle_project_skills_pkey; Type: CONSTRAINT; Schema: public; Owner: postgres
--

ALTER TABLE ONLY public.triangle_project_skills
    ADD CONSTRAINT triangle_project_skills_pkey PRIMARY KEY (id);


--
-- TOC entry 3457 (class 2606 OID 17481)
-- Name: triangle_project_skills triangle_project_skills_project_id_skill_id_4a881cd5_uniq; Type: CONSTRAINT; Schema: public; Owner: postgres
--

ALTER TABLE ONLY public.triangle_project_skills
    ADD CONSTRAINT triangle_project_skills_project_id_skill_id_4a881cd5_uniq UNIQUE (project_id, skill_id);


--
-- TOC entry 3434 (class 2606 OID 17682)
-- Name: triangle_project triangle_project_slug_be0d13d6_uniq; Type: CONSTRAINT; Schema: public; Owner: postgres
--

ALTER TABLE ONLY public.triangle_project
    ADD CONSTRAINT triangle_project_slug_be0d13d6_uniq UNIQUE (slug);


--
-- TOC entry 3398 (class 2606 OID 17315)
-- Name: triangle_response triangle_response_pkey; Type: CONSTRAINT; Schema: public; Owner: postgres
--

ALTER TABLE ONLY public.triangle_response
    ADD CONSTRAINT triangle_response_pkey PRIMARY KEY (id);


--
-- TOC entry 3413 (class 2606 OID 17685)
-- Name: triangle_section triangle_section_name_89ffa92d_uniq; Type: CONSTRAINT; Schema: public; Owner: postgres
--

ALTER TABLE ONLY public.triangle_section
    ADD CONSTRAINT triangle_section_name_89ffa92d_uniq UNIQUE (name);


--
-- TOC entry 3415 (class 2606 OID 17391)
-- Name: triangle_section triangle_section_pkey; Type: CONSTRAINT; Schema: public; Owner: postgres
--

ALTER TABLE ONLY public.triangle_section
    ADD CONSTRAINT triangle_section_pkey PRIMARY KEY (id);


--
-- TOC entry 3418 (class 2606 OID 17688)
-- Name: triangle_section triangle_section_slug_d1362712_uniq; Type: CONSTRAINT; Schema: public; Owner: postgres
--

ALTER TABLE ONLY public.triangle_section
    ADD CONSTRAINT triangle_section_slug_d1362712_uniq UNIQUE (slug);


--
-- TOC entry 3390 (class 2606 OID 17301)
-- Name: triangle_service triangle_service_name_key; Type: CONSTRAINT; Schema: public; Owner: postgres
--

ALTER TABLE ONLY public.triangle_service
    ADD CONSTRAINT triangle_service_name_key UNIQUE (name);


--
-- TOC entry 3392 (class 2606 OID 17299)
-- Name: triangle_service triangle_service_pkey; Type: CONSTRAINT; Schema: public; Owner: postgres
--

ALTER TABLE ONLY public.triangle_service
    ADD CONSTRAINT triangle_service_pkey PRIMARY KEY (id);


--
-- TOC entry 3421 (class 2606 OID 17691)
-- Name: triangle_skill triangle_skill_name_409530cb_uniq; Type: CONSTRAINT; Schema: public; Owner: postgres
--

ALTER TABLE ONLY public.triangle_skill
    ADD CONSTRAINT triangle_skill_name_409530cb_uniq UNIQUE (name);


--
-- TOC entry 3423 (class 2606 OID 17397)
-- Name: triangle_skill triangle_skill_pkey; Type: CONSTRAINT; Schema: public; Owner: postgres
--

ALTER TABLE ONLY public.triangle_skill
    ADD CONSTRAINT triangle_skill_pkey PRIMARY KEY (id);


--
-- TOC entry 3426 (class 2606 OID 17694)
-- Name: triangle_skill triangle_skill_slug_57b9ba69_uniq; Type: CONSTRAINT; Schema: public; Owner: postgres
--

ALTER TABLE ONLY public.triangle_skill
    ADD CONSTRAINT triangle_skill_slug_57b9ba69_uniq UNIQUE (slug);


--
-- TOC entry 3469 (class 2606 OID 17697)
-- Name: triangle_tag triangle_tag_name_03c42981_uniq; Type: CONSTRAINT; Schema: public; Owner: postgres
--

ALTER TABLE ONLY public.triangle_tag
    ADD CONSTRAINT triangle_tag_name_03c42981_uniq UNIQUE (name);


--
-- TOC entry 3471 (class 2606 OID 17591)
-- Name: triangle_tag triangle_tag_pkey; Type: CONSTRAINT; Schema: public; Owner: postgres
--

ALTER TABLE ONLY public.triangle_tag
    ADD CONSTRAINT triangle_tag_pkey PRIMARY KEY (id);


--
-- TOC entry 3474 (class 2606 OID 17700)
-- Name: triangle_tag triangle_tag_slug_2c6fee2b_uniq; Type: CONSTRAINT; Schema: public; Owner: postgres
--

ALTER TABLE ONLY public.triangle_tag
    ADD CONSTRAINT triangle_tag_slug_2c6fee2b_uniq UNIQUE (slug);


--
-- TOC entry 3396 (class 2606 OID 17307)
-- Name: triangle_user triangle_user_pkey; Type: CONSTRAINT; Schema: public; Owner: postgres
--

ALTER TABLE ONLY public.triangle_user
    ADD CONSTRAINT triangle_user_pkey PRIMARY KEY (id);


--
-- TOC entry 3330 (class 1259 OID 17251)
-- Name: auth_group_name_a6ea08ec_like; Type: INDEX; Schema: public; Owner: postgres
--

CREATE INDEX auth_group_name_a6ea08ec_like ON public.auth_group USING btree (name varchar_pattern_ops);


--
-- TOC entry 3335 (class 1259 OID 17192)
-- Name: auth_group_permissions_group_id_b120cbf9; Type: INDEX; Schema: public; Owner: postgres
--

CREATE INDEX auth_group_permissions_group_id_b120cbf9 ON public.auth_group_permissions USING btree (group_id);


--
-- TOC entry 3338 (class 1259 OID 17193)
-- Name: auth_group_permissions_permission_id_84c5c92e; Type: INDEX; Schema: public; Owner: postgres
--

CREATE INDEX auth_group_permissions_permission_id_84c5c92e ON public.auth_group_permissions USING btree (permission_id);


--
-- TOC entry 3325 (class 1259 OID 17178)
-- Name: auth_permission_content_type_id_2f476e4b; Type: INDEX; Schema: public; Owner: postgres
--

CREATE INDEX auth_permission_content_type_id_2f476e4b ON public.auth_permission USING btree (content_type_id);


--
-- TOC entry 3346 (class 1259 OID 17208)
-- Name: auth_user_groups_group_id_97559544; Type: INDEX; Schema: public; Owner: postgres
--

CREATE INDEX auth_user_groups_group_id_97559544 ON public.auth_user_groups USING btree (group_id);


--
-- TOC entry 3349 (class 1259 OID 17207)
-- Name: auth_user_groups_user_id_6a12ed8b; Type: INDEX; Schema: public; Owner: postgres
--

CREATE INDEX auth_user_groups_user_id_6a12ed8b ON public.auth_user_groups USING btree (user_id);


--
-- TOC entry 3352 (class 1259 OID 17222)
-- Name: auth_user_user_permissions_permission_id_1fbb5f2c; Type: INDEX; Schema: public; Owner: postgres
--

CREATE INDEX auth_user_user_permissions_permission_id_1fbb5f2c ON public.auth_user_user_permissions USING btree (permission_id);


--
-- TOC entry 3355 (class 1259 OID 17221)
-- Name: auth_user_user_permissions_user_id_a95ead1b; Type: INDEX; Schema: public; Owner: postgres
--

CREATE INDEX auth_user_user_permissions_user_id_a95ead1b ON public.auth_user_user_permissions USING btree (user_id);


--
-- TOC entry 3343 (class 1259 OID 17246)
-- Name: auth_user_username_6821ab7c_like; Type: INDEX; Schema: public; Owner: postgres
--

CREATE INDEX auth_user_username_6821ab7c_like ON public.auth_user USING btree (username varchar_pattern_ops);


--
-- TOC entry 3500 (class 1259 OID 25887)
-- Name: authtoken_token_key_10f0b77e_like; Type: INDEX; Schema: public; Owner: postgres
--

CREATE INDEX authtoken_token_key_10f0b77e_like ON public.authtoken_token USING btree (key varchar_pattern_ops);


--
-- TOC entry 3495 (class 1259 OID 25867)
-- Name: captcha_captchastore_hashkey_cbe8d15a_like; Type: INDEX; Schema: public; Owner: postgres
--

CREATE INDEX captcha_captchastore_hashkey_cbe8d15a_like ON public.captcha_captchastore USING btree (hashkey varchar_pattern_ops);


--
-- TOC entry 3358 (class 1259 OID 17242)
-- Name: django_admin_log_content_type_id_c4bce8eb; Type: INDEX; Schema: public; Owner: postgres
--

CREATE INDEX django_admin_log_content_type_id_c4bce8eb ON public.django_admin_log USING btree (content_type_id);


--
-- TOC entry 3361 (class 1259 OID 17243)
-- Name: django_admin_log_user_id_c564eba6; Type: INDEX; Schema: public; Owner: postgres
--

CREATE INDEX django_admin_log_user_id_c564eba6 ON public.django_admin_log USING btree (user_id);


--
-- TOC entry 3362 (class 1259 OID 17260)
-- Name: django_session_expire_date_a5c62663; Type: INDEX; Schema: public; Owner: postgres
--

CREATE INDEX django_session_expire_date_a5c62663 ON public.django_session USING btree (expire_date);


--
-- TOC entry 3365 (class 1259 OID 17259)
-- Name: django_session_session_key_c0390e0f_like; Type: INDEX; Schema: public; Owner: postgres
--

CREATE INDEX django_session_session_key_c0390e0f_like ON public.django_session USING btree (session_key varchar_pattern_ops);


--
-- TOC entry 3459 (class 1259 OID 17665)
-- Name: triangle_category_name_43284652_like; Type: INDEX; Schema: public; Owner: postgres
--

CREATE INDEX triangle_category_name_43284652_like ON public.triangle_category USING btree (name varchar_pattern_ops);


--
-- TOC entry 3464 (class 1259 OID 17668)
-- Name: triangle_category_slug_55e6ed33_like; Type: INDEX; Schema: public; Owner: postgres
--

CREATE INDEX triangle_category_slug_55e6ed33_like ON public.triangle_category USING btree (slug varchar_pattern_ops);


--
-- TOC entry 3406 (class 1259 OID 17385)
-- Name: triangle_comment_answer_to_id_46403cda; Type: INDEX; Schema: public; Owner: postgres
--

CREATE INDEX triangle_comment_answer_to_id_46403cda ON public.triangle_comment USING btree (answer_to_id);


--
-- TOC entry 3409 (class 1259 OID 17657)
-- Name: triangle_comment_post_id_d035d831; Type: INDEX; Schema: public; Owner: postgres
--

CREATE INDEX triangle_comment_post_id_d035d831 ON public.triangle_comment USING btree (post_id);


--
-- TOC entry 3410 (class 1259 OID 17374)
-- Name: triangle_comment_user_id_69f3e1a4; Type: INDEX; Schema: public; Owner: postgres
--

CREATE INDEX triangle_comment_user_id_69f3e1a4 ON public.triangle_comment USING btree (user_id);


--
-- TOC entry 3366 (class 1259 OID 17334)
-- Name: triangle_employee_email_cca2ae34_like; Type: INDEX; Schema: public; Owner: postgres
--

CREATE INDEX triangle_employee_email_cca2ae34_like ON public.triangle_employee USING btree (email varchar_pattern_ops);


--
-- TOC entry 3369 (class 1259 OID 17332)
-- Name: triangle_employee_facebook_8a706e52_like; Type: INDEX; Schema: public; Owner: postgres
--

CREATE INDEX triangle_employee_facebook_8a706e52_like ON public.triangle_employee USING btree (facebook varchar_pattern_ops);


--
-- TOC entry 3374 (class 1259 OID 17333)
-- Name: triangle_employee_twitter_c5078c26_like; Type: INDEX; Schema: public; Owner: postgres
--

CREATE INDEX triangle_employee_twitter_c5078c26_like ON public.triangle_employee USING btree (twitter varchar_pattern_ops);


--
-- TOC entry 3377 (class 1259 OID 17335)
-- Name: triangle_message_name_2075b105; Type: INDEX; Schema: public; Owner: postgres
--

CREATE INDEX triangle_message_name_2075b105 ON public.triangle_message USING btree (name);


--
-- TOC entry 3378 (class 1259 OID 17336)
-- Name: triangle_message_name_2075b105_like; Type: INDEX; Schema: public; Owner: postgres
--

CREATE INDEX triangle_message_name_2075b105_like ON public.triangle_message USING btree (name varchar_pattern_ops);


--
-- TOC entry 3381 (class 1259 OID 17338)
-- Name: triangle_message_status_6f6673a5; Type: INDEX; Schema: public; Owner: postgres
--

CREATE INDEX triangle_message_status_6f6673a5 ON public.triangle_message USING btree (status);


--
-- TOC entry 3382 (class 1259 OID 17339)
-- Name: triangle_message_status_6f6673a5_like; Type: INDEX; Schema: public; Owner: postgres
--

CREATE INDEX triangle_message_status_6f6673a5_like ON public.triangle_message USING btree (status varchar_pattern_ops);


--
-- TOC entry 3402 (class 1259 OID 17361)
-- Name: triangle_order_pricing_id_d4217e12; Type: INDEX; Schema: public; Owner: postgres
--

CREATE INDEX triangle_order_pricing_id_d4217e12 ON public.triangle_order USING btree (pricing_id);


--
-- TOC entry 3403 (class 1259 OID 17359)
-- Name: triangle_order_status_d10803ed; Type: INDEX; Schema: public; Owner: postgres
--

CREATE INDEX triangle_order_status_d10803ed ON public.triangle_order USING btree (status);


--
-- TOC entry 3404 (class 1259 OID 17360)
-- Name: triangle_order_status_d10803ed_like; Type: INDEX; Schema: public; Owner: postgres
--

CREATE INDEX triangle_order_status_d10803ed_like ON public.triangle_order USING btree (status varchar_pattern_ops);


--
-- TOC entry 3405 (class 1259 OID 17362)
-- Name: triangle_order_user_id_86175847; Type: INDEX; Schema: public; Owner: postgres
--

CREATE INDEX triangle_order_user_id_86175847 ON public.triangle_order USING btree (user_id);


--
-- TOC entry 3483 (class 1259 OID 17642)
-- Name: triangle_post_categories_category_id_6b313bb2; Type: INDEX; Schema: public; Owner: postgres
--

CREATE INDEX triangle_post_categories_category_id_6b313bb2 ON public.triangle_post_categories USING btree (category_id);


--
-- TOC entry 3488 (class 1259 OID 17641)
-- Name: triangle_post_categories_post_id_e92dfccf; Type: INDEX; Schema: public; Owner: postgres
--

CREATE INDEX triangle_post_categories_post_id_e92dfccf ON public.triangle_post_categories USING btree (post_id);


--
-- TOC entry 3475 (class 1259 OID 17671)
-- Name: triangle_post_name_5a453829_like; Type: INDEX; Schema: public; Owner: postgres
--

CREATE INDEX triangle_post_name_5a453829_like ON public.triangle_post USING btree (name varchar_pattern_ops);


--
-- TOC entry 3480 (class 1259 OID 17674)
-- Name: triangle_post_slug_096cfe38_like; Type: INDEX; Schema: public; Owner: postgres
--

CREATE INDEX triangle_post_slug_096cfe38_like ON public.triangle_post USING btree (slug varchar_pattern_ops);


--
-- TOC entry 3491 (class 1259 OID 17655)
-- Name: triangle_post_tags_post_id_94b0c3b0; Type: INDEX; Schema: public; Owner: postgres
--

CREATE INDEX triangle_post_tags_post_id_94b0c3b0 ON public.triangle_post_tags USING btree (post_id);


--
-- TOC entry 3494 (class 1259 OID 17656)
-- Name: triangle_post_tags_tag_id_975b5f65; Type: INDEX; Schema: public; Owner: postgres
--

CREATE INDEX triangle_post_tags_tag_id_975b5f65 ON public.triangle_post_tags USING btree (tag_id);


--
-- TOC entry 3383 (class 1259 OID 17677)
-- Name: triangle_pricing_name_c9ec04f6_like; Type: INDEX; Schema: public; Owner: postgres
--

CREATE INDEX triangle_pricing_name_c9ec04f6_like ON public.triangle_pricing USING btree (name varchar_pattern_ops);


--
-- TOC entry 3437 (class 1259 OID 17450)
-- Name: triangle_project_client_project_id_bc8385d9; Type: INDEX; Schema: public; Owner: postgres
--

CREATE INDEX triangle_project_client_project_id_bc8385d9 ON public.triangle_project_client USING btree (project_id);


--
-- TOC entry 3440 (class 1259 OID 17451)
-- Name: triangle_project_client_user_id_4466f734; Type: INDEX; Schema: public; Owner: postgres
--

CREATE INDEX triangle_project_client_user_id_4466f734 ON public.triangle_project_client USING btree (user_id);


--
-- TOC entry 3427 (class 1259 OID 17680)
-- Name: triangle_project_name_508c679b_like; Type: INDEX; Schema: public; Owner: postgres
--

CREATE INDEX triangle_project_name_508c679b_like ON public.triangle_project USING btree (name varchar_pattern_ops);


--
-- TOC entry 3443 (class 1259 OID 17464)
-- Name: triangle_project_projects_from_project_id_db82b294; Type: INDEX; Schema: public; Owner: postgres
--

CREATE INDEX triangle_project_projects_from_project_id_db82b294 ON public.triangle_project_projects USING btree (from_project_id);


--
-- TOC entry 3446 (class 1259 OID 17465)
-- Name: triangle_project_projects_to_project_id_eb053bcd; Type: INDEX; Schema: public; Owner: postgres
--

CREATE INDEX triangle_project_projects_to_project_id_eb053bcd ON public.triangle_project_projects USING btree (to_project_id);


--
-- TOC entry 3449 (class 1259 OID 17478)
-- Name: triangle_project_sections_project_id_6820e19e; Type: INDEX; Schema: public; Owner: postgres
--

CREATE INDEX triangle_project_sections_project_id_6820e19e ON public.triangle_project_sections USING btree (project_id);


--
-- TOC entry 3452 (class 1259 OID 17479)
-- Name: triangle_project_sections_section_id_7bb00c1f; Type: INDEX; Schema: public; Owner: postgres
--

CREATE INDEX triangle_project_sections_section_id_7bb00c1f ON public.triangle_project_sections USING btree (section_id);


--
-- TOC entry 3455 (class 1259 OID 17492)
-- Name: triangle_project_skills_project_id_409c48c0; Type: INDEX; Schema: public; Owner: postgres
--

CREATE INDEX triangle_project_skills_project_id_409c48c0 ON public.triangle_project_skills USING btree (project_id);


--
-- TOC entry 3458 (class 1259 OID 17493)
-- Name: triangle_project_skills_skill_id_24fbb0aa; Type: INDEX; Schema: public; Owner: postgres
--

CREATE INDEX triangle_project_skills_skill_id_24fbb0aa ON public.triangle_project_skills USING btree (skill_id);


--
-- TOC entry 3432 (class 1259 OID 17683)
-- Name: triangle_project_slug_be0d13d6_like; Type: INDEX; Schema: public; Owner: postgres
--

CREATE INDEX triangle_project_slug_be0d13d6_like ON public.triangle_project USING btree (slug varchar_pattern_ops);


--
-- TOC entry 3399 (class 1259 OID 17348)
-- Name: triangle_response_user_id_0345e06f; Type: INDEX; Schema: public; Owner: postgres
--

CREATE INDEX triangle_response_user_id_0345e06f ON public.triangle_response USING btree (user_id);


--
-- TOC entry 3411 (class 1259 OID 17686)
-- Name: triangle_section_name_89ffa92d_like; Type: INDEX; Schema: public; Owner: postgres
--

CREATE INDEX triangle_section_name_89ffa92d_like ON public.triangle_section USING btree (name varchar_pattern_ops);


--
-- TOC entry 3416 (class 1259 OID 17689)
-- Name: triangle_section_slug_d1362712_like; Type: INDEX; Schema: public; Owner: postgres
--

CREATE INDEX triangle_section_slug_d1362712_like ON public.triangle_section USING btree (slug varchar_pattern_ops);


--
-- TOC entry 3388 (class 1259 OID 17340)
-- Name: triangle_service_name_4ed10d85_like; Type: INDEX; Schema: public; Owner: postgres
--

CREATE INDEX triangle_service_name_4ed10d85_like ON public.triangle_service USING btree (name varchar_pattern_ops);


--
-- TOC entry 3419 (class 1259 OID 17692)
-- Name: triangle_skill_name_409530cb_like; Type: INDEX; Schema: public; Owner: postgres
--

CREATE INDEX triangle_skill_name_409530cb_like ON public.triangle_skill USING btree (name varchar_pattern_ops);


--
-- TOC entry 3424 (class 1259 OID 17695)
-- Name: triangle_skill_slug_57b9ba69_like; Type: INDEX; Schema: public; Owner: postgres
--

CREATE INDEX triangle_skill_slug_57b9ba69_like ON public.triangle_skill USING btree (slug varchar_pattern_ops);


--
-- TOC entry 3467 (class 1259 OID 17698)
-- Name: triangle_tag_name_03c42981_like; Type: INDEX; Schema: public; Owner: postgres
--

CREATE INDEX triangle_tag_name_03c42981_like ON public.triangle_tag USING btree (name varchar_pattern_ops);


--
-- TOC entry 3472 (class 1259 OID 17701)
-- Name: triangle_tag_slug_2c6fee2b_like; Type: INDEX; Schema: public; Owner: postgres
--

CREATE INDEX triangle_tag_slug_2c6fee2b_like ON public.triangle_tag USING btree (slug varchar_pattern_ops);


--
-- TOC entry 3393 (class 1259 OID 17341)
-- Name: triangle_user_name_9513c26c; Type: INDEX; Schema: public; Owner: postgres
--

CREATE INDEX triangle_user_name_9513c26c ON public.triangle_user USING btree (name);


--
-- TOC entry 3394 (class 1259 OID 17342)
-- Name: triangle_user_name_9513c26c_like; Type: INDEX; Schema: public; Owner: postgres
--

CREATE INDEX triangle_user_name_9513c26c_like ON public.triangle_user USING btree (name varchar_pattern_ops);


--
-- TOC entry 3507 (class 2606 OID 17187)
-- Name: auth_group_permissions auth_group_permissio_permission_id_84c5c92e_fk_auth_perm; Type: FK CONSTRAINT; Schema: public; Owner: postgres
--

ALTER TABLE ONLY public.auth_group_permissions
    ADD CONSTRAINT auth_group_permissio_permission_id_84c5c92e_fk_auth_perm FOREIGN KEY (permission_id) REFERENCES public.auth_permission(id) DEFERRABLE INITIALLY DEFERRED;


--
-- TOC entry 3506 (class 2606 OID 17182)
-- Name: auth_group_permissions auth_group_permissions_group_id_b120cbf9_fk_auth_group_id; Type: FK CONSTRAINT; Schema: public; Owner: postgres
--

ALTER TABLE ONLY public.auth_group_permissions
    ADD CONSTRAINT auth_group_permissions_group_id_b120cbf9_fk_auth_group_id FOREIGN KEY (group_id) REFERENCES public.auth_group(id) DEFERRABLE INITIALLY DEFERRED;


--
-- TOC entry 3505 (class 2606 OID 17173)
-- Name: auth_permission auth_permission_content_type_id_2f476e4b_fk_django_co; Type: FK CONSTRAINT; Schema: public; Owner: postgres
--

ALTER TABLE ONLY public.auth_permission
    ADD CONSTRAINT auth_permission_content_type_id_2f476e4b_fk_django_co FOREIGN KEY (content_type_id) REFERENCES public.django_content_type(id) DEFERRABLE INITIALLY DEFERRED;


--
-- TOC entry 3509 (class 2606 OID 17202)
-- Name: auth_user_groups auth_user_groups_group_id_97559544_fk_auth_group_id; Type: FK CONSTRAINT; Schema: public; Owner: postgres
--

ALTER TABLE ONLY public.auth_user_groups
    ADD CONSTRAINT auth_user_groups_group_id_97559544_fk_auth_group_id FOREIGN KEY (group_id) REFERENCES public.auth_group(id) DEFERRABLE INITIALLY DEFERRED;


--
-- TOC entry 3508 (class 2606 OID 17197)
-- Name: auth_user_groups auth_user_groups_user_id_6a12ed8b_fk_auth_user_id; Type: FK CONSTRAINT; Schema: public; Owner: postgres
--

ALTER TABLE ONLY public.auth_user_groups
    ADD CONSTRAINT auth_user_groups_user_id_6a12ed8b_fk_auth_user_id FOREIGN KEY (user_id) REFERENCES public.auth_user(id) DEFERRABLE INITIALLY DEFERRED;


--
-- TOC entry 3511 (class 2606 OID 17216)
-- Name: auth_user_user_permissions auth_user_user_permi_permission_id_1fbb5f2c_fk_auth_perm; Type: FK CONSTRAINT; Schema: public; Owner: postgres
--

ALTER TABLE ONLY public.auth_user_user_permissions
    ADD CONSTRAINT auth_user_user_permi_permission_id_1fbb5f2c_fk_auth_perm FOREIGN KEY (permission_id) REFERENCES public.auth_permission(id) DEFERRABLE INITIALLY DEFERRED;


--
-- TOC entry 3510 (class 2606 OID 17211)
-- Name: auth_user_user_permissions auth_user_user_permissions_user_id_a95ead1b_fk_auth_user_id; Type: FK CONSTRAINT; Schema: public; Owner: postgres
--

ALTER TABLE ONLY public.auth_user_user_permissions
    ADD CONSTRAINT auth_user_user_permissions_user_id_a95ead1b_fk_auth_user_id FOREIGN KEY (user_id) REFERENCES public.auth_user(id) DEFERRABLE INITIALLY DEFERRED;


--
-- TOC entry 3532 (class 2606 OID 25882)
-- Name: authtoken_token authtoken_token_user_id_35299eff_fk_auth_user_id; Type: FK CONSTRAINT; Schema: public; Owner: postgres
--

ALTER TABLE ONLY public.authtoken_token
    ADD CONSTRAINT authtoken_token_user_id_35299eff_fk_auth_user_id FOREIGN KEY (user_id) REFERENCES public.auth_user(id) DEFERRABLE INITIALLY DEFERRED;


--
-- TOC entry 3512 (class 2606 OID 17232)
-- Name: django_admin_log django_admin_log_content_type_id_c4bce8eb_fk_django_co; Type: FK CONSTRAINT; Schema: public; Owner: postgres
--

ALTER TABLE ONLY public.django_admin_log
    ADD CONSTRAINT django_admin_log_content_type_id_c4bce8eb_fk_django_co FOREIGN KEY (content_type_id) REFERENCES public.django_content_type(id) DEFERRABLE INITIALLY DEFERRED;


--
-- TOC entry 3513 (class 2606 OID 17237)
-- Name: django_admin_log django_admin_log_user_id_c564eba6_fk_auth_user_id; Type: FK CONSTRAINT; Schema: public; Owner: postgres
--

ALTER TABLE ONLY public.django_admin_log
    ADD CONSTRAINT django_admin_log_user_id_c564eba6_fk_auth_user_id FOREIGN KEY (user_id) REFERENCES public.auth_user(id) DEFERRABLE INITIALLY DEFERRED;


--
-- TOC entry 3518 (class 2606 OID 17592)
-- Name: triangle_comment triangle_comment_answer_to_id_46403cda_fk_triangle_comment_id; Type: FK CONSTRAINT; Schema: public; Owner: postgres
--

ALTER TABLE ONLY public.triangle_comment
    ADD CONSTRAINT triangle_comment_answer_to_id_46403cda_fk_triangle_comment_id FOREIGN KEY (answer_to_id) REFERENCES public.triangle_comment(id) DEFERRABLE INITIALLY DEFERRED;


--
-- TOC entry 3519 (class 2606 OID 17658)
-- Name: triangle_comment triangle_comment_post_id_d035d831_fk_triangle_post_id; Type: FK CONSTRAINT; Schema: public; Owner: postgres
--

ALTER TABLE ONLY public.triangle_comment
    ADD CONSTRAINT triangle_comment_post_id_d035d831_fk_triangle_post_id FOREIGN KEY (post_id) REFERENCES public.triangle_post(id) DEFERRABLE INITIALLY DEFERRED;


--
-- TOC entry 3517 (class 2606 OID 17368)
-- Name: triangle_comment triangle_comment_user_id_69f3e1a4_fk_triangle_user_id; Type: FK CONSTRAINT; Schema: public; Owner: postgres
--

ALTER TABLE ONLY public.triangle_comment
    ADD CONSTRAINT triangle_comment_user_id_69f3e1a4_fk_triangle_user_id FOREIGN KEY (user_id) REFERENCES public.triangle_user(id) DEFERRABLE INITIALLY DEFERRED;


--
-- TOC entry 3515 (class 2606 OID 17349)
-- Name: triangle_order triangle_order_pricing_id_d4217e12_fk_triangle_pricing_id; Type: FK CONSTRAINT; Schema: public; Owner: postgres
--

ALTER TABLE ONLY public.triangle_order
    ADD CONSTRAINT triangle_order_pricing_id_d4217e12_fk_triangle_pricing_id FOREIGN KEY (pricing_id) REFERENCES public.triangle_pricing(id) DEFERRABLE INITIALLY DEFERRED;


--
-- TOC entry 3516 (class 2606 OID 17354)
-- Name: triangle_order triangle_order_user_id_86175847_fk_triangle_user_id; Type: FK CONSTRAINT; Schema: public; Owner: postgres
--

ALTER TABLE ONLY public.triangle_order
    ADD CONSTRAINT triangle_order_user_id_86175847_fk_triangle_user_id FOREIGN KEY (user_id) REFERENCES public.triangle_user(id) DEFERRABLE INITIALLY DEFERRED;


--
-- TOC entry 3529 (class 2606 OID 17636)
-- Name: triangle_post_categories triangle_post_catego_category_id_6b313bb2_fk_triangle_; Type: FK CONSTRAINT; Schema: public; Owner: postgres
--

ALTER TABLE ONLY public.triangle_post_categories
    ADD CONSTRAINT triangle_post_catego_category_id_6b313bb2_fk_triangle_ FOREIGN KEY (category_id) REFERENCES public.triangle_category(id) DEFERRABLE INITIALLY DEFERRED;


--
-- TOC entry 3528 (class 2606 OID 17631)
-- Name: triangle_post_categories triangle_post_categories_post_id_e92dfccf_fk_triangle_post_id; Type: FK CONSTRAINT; Schema: public; Owner: postgres
--

ALTER TABLE ONLY public.triangle_post_categories
    ADD CONSTRAINT triangle_post_categories_post_id_e92dfccf_fk_triangle_post_id FOREIGN KEY (post_id) REFERENCES public.triangle_post(id) DEFERRABLE INITIALLY DEFERRED;


--
-- TOC entry 3530 (class 2606 OID 17645)
-- Name: triangle_post_tags triangle_post_tags_post_id_94b0c3b0_fk_triangle_post_id; Type: FK CONSTRAINT; Schema: public; Owner: postgres
--

ALTER TABLE ONLY public.triangle_post_tags
    ADD CONSTRAINT triangle_post_tags_post_id_94b0c3b0_fk_triangle_post_id FOREIGN KEY (post_id) REFERENCES public.triangle_post(id) DEFERRABLE INITIALLY DEFERRED;


--
-- TOC entry 3531 (class 2606 OID 17650)
-- Name: triangle_post_tags triangle_post_tags_tag_id_975b5f65_fk_triangle_tag_id; Type: FK CONSTRAINT; Schema: public; Owner: postgres
--

ALTER TABLE ONLY public.triangle_post_tags
    ADD CONSTRAINT triangle_post_tags_tag_id_975b5f65_fk_triangle_tag_id FOREIGN KEY (tag_id) REFERENCES public.triangle_tag(id) DEFERRABLE INITIALLY DEFERRED;


--
-- TOC entry 3520 (class 2606 OID 17440)
-- Name: triangle_project_client triangle_project_cli_project_id_bc8385d9_fk_triangle_; Type: FK CONSTRAINT; Schema: public; Owner: postgres
--

ALTER TABLE ONLY public.triangle_project_client
    ADD CONSTRAINT triangle_project_cli_project_id_bc8385d9_fk_triangle_ FOREIGN KEY (project_id) REFERENCES public.triangle_project(id) DEFERRABLE INITIALLY DEFERRED;


--
-- TOC entry 3521 (class 2606 OID 17445)
-- Name: triangle_project_client triangle_project_client_user_id_4466f734_fk_triangle_user_id; Type: FK CONSTRAINT; Schema: public; Owner: postgres
--

ALTER TABLE ONLY public.triangle_project_client
    ADD CONSTRAINT triangle_project_client_user_id_4466f734_fk_triangle_user_id FOREIGN KEY (user_id) REFERENCES public.triangle_user(id) DEFERRABLE INITIALLY DEFERRED;


--
-- TOC entry 3522 (class 2606 OID 17454)
-- Name: triangle_project_projects triangle_project_pro_from_project_id_db82b294_fk_triangle_; Type: FK CONSTRAINT; Schema: public; Owner: postgres
--

ALTER TABLE ONLY public.triangle_project_projects
    ADD CONSTRAINT triangle_project_pro_from_project_id_db82b294_fk_triangle_ FOREIGN KEY (from_project_id) REFERENCES public.triangle_project(id) DEFERRABLE INITIALLY DEFERRED;


--
-- TOC entry 3523 (class 2606 OID 17459)
-- Name: triangle_project_projects triangle_project_pro_to_project_id_eb053bcd_fk_triangle_; Type: FK CONSTRAINT; Schema: public; Owner: postgres
--

ALTER TABLE ONLY public.triangle_project_projects
    ADD CONSTRAINT triangle_project_pro_to_project_id_eb053bcd_fk_triangle_ FOREIGN KEY (to_project_id) REFERENCES public.triangle_project(id) DEFERRABLE INITIALLY DEFERRED;


--
-- TOC entry 3524 (class 2606 OID 17468)
-- Name: triangle_project_sections triangle_project_sec_project_id_6820e19e_fk_triangle_; Type: FK CONSTRAINT; Schema: public; Owner: postgres
--

ALTER TABLE ONLY public.triangle_project_sections
    ADD CONSTRAINT triangle_project_sec_project_id_6820e19e_fk_triangle_ FOREIGN KEY (project_id) REFERENCES public.triangle_project(id) DEFERRABLE INITIALLY DEFERRED;


--
-- TOC entry 3525 (class 2606 OID 17473)
-- Name: triangle_project_sections triangle_project_sec_section_id_7bb00c1f_fk_triangle_; Type: FK CONSTRAINT; Schema: public; Owner: postgres
--

ALTER TABLE ONLY public.triangle_project_sections
    ADD CONSTRAINT triangle_project_sec_section_id_7bb00c1f_fk_triangle_ FOREIGN KEY (section_id) REFERENCES public.triangle_section(id) DEFERRABLE INITIALLY DEFERRED;


--
-- TOC entry 3526 (class 2606 OID 17482)
-- Name: triangle_project_skills triangle_project_ski_project_id_409c48c0_fk_triangle_; Type: FK CONSTRAINT; Schema: public; Owner: postgres
--

ALTER TABLE ONLY public.triangle_project_skills
    ADD CONSTRAINT triangle_project_ski_project_id_409c48c0_fk_triangle_ FOREIGN KEY (project_id) REFERENCES public.triangle_project(id) DEFERRABLE INITIALLY DEFERRED;


--
-- TOC entry 3527 (class 2606 OID 17487)
-- Name: triangle_project_skills triangle_project_skills_skill_id_24fbb0aa_fk_triangle_skill_id; Type: FK CONSTRAINT; Schema: public; Owner: postgres
--

ALTER TABLE ONLY public.triangle_project_skills
    ADD CONSTRAINT triangle_project_skills_skill_id_24fbb0aa_fk_triangle_skill_id FOREIGN KEY (skill_id) REFERENCES public.triangle_skill(id) DEFERRABLE INITIALLY DEFERRED;


--
-- TOC entry 3514 (class 2606 OID 17343)
-- Name: triangle_response triangle_response_user_id_0345e06f_fk_triangle_user_id; Type: FK CONSTRAINT; Schema: public; Owner: postgres
--

ALTER TABLE ONLY public.triangle_response
    ADD CONSTRAINT triangle_response_user_id_0345e06f_fk_triangle_user_id FOREIGN KEY (user_id) REFERENCES public.triangle_user(id) DEFERRABLE INITIALLY DEFERRED;


-- Completed on 2023-06-17 18:17:55

--
-- PostgreSQL database dump complete
--

